1594031160520,46,HTTP Request,200,OK,APIDemo 1-32,text,true,,454,135,50,50,http://localhost:3000/posts/?year=2009,42,0,8
1594031160491,586,HTTP Request,200,OK,APIDemo 1-24,text,false,"The operation lasted too long: It took 586 milliseconds, but should not have lasted longer than 50 milliseconds.",443,135,95,95,http://localhost:3000/posts/?year=2016,586,0,42
1594031160536,602,HTTP Request,200,OK,APIDemo 1-31,text,false,"The operation lasted too long: It took 602 milliseconds, but should not have lasted longer than 50 milliseconds.",450,135,98,98,http://localhost:3000/posts/?year=2010,602,0,4
1594031160490,667,HTTP Request,200,OK,APIDemo 1-48,text,false,"The operation lasted too long: It took 667 milliseconds, but should not have lasted longer than 50 milliseconds.",441,135,97,97,http://localhost:3000/posts/?year=2015,666,0,49
1594031160486,737,HTTP Request,200,OK,APIDemo 1-51,text,false,"The operation lasted too long: It took 737 milliseconds, but should not have lasted longer than 50 milliseconds.",443,135,96,96,http://localhost:3000/posts/?year=2016,737,0,39
1594031160374,876,HTTP Request,200,OK,APIDemo 1-18,text,false,"The operation lasted too long: It took 876 milliseconds, but should not have lasted longer than 50 milliseconds.",444,135,95,95,http://localhost:3000/posts/?year=2019,876,0,145
1594031160484,773,HTTP Request,200,OK,APIDemo 1-50,text,false,"The operation lasted too long: It took 773 milliseconds, but should not have lasted longer than 50 milliseconds.",443,135,94,94,http://localhost:3000/posts/?year=2017,773,0,30
1594031160487,774,HTTP Request,200,OK,APIDemo 1-9,text,false,"The operation lasted too long: It took 774 milliseconds, but should not have lasted longer than 50 milliseconds.",444,135,93,93,http://localhost:3000/posts/?year=2012,774,0,22
1594031160494,776,HTTP Request,200,OK,APIDemo 1-49,text,false,"The operation lasted too long: It took 776 milliseconds, but should not have lasted longer than 50 milliseconds.",450,135,92,92,http://localhost:3000/posts/?year=2014,776,0,9
1594031160479,796,HTTP Request,200,OK,APIDemo 1-6,text,false,"The operation lasted too long: It took 796 milliseconds, but should not have lasted longer than 50 milliseconds.",450,135,91,91,http://localhost:3000/posts/?year=2014,796,0,17
1594031160548,729,HTTP Request,200,OK,APIDemo 1-44,text,false,"The operation lasted too long: It took 729 milliseconds, but should not have lasted longer than 50 milliseconds.",444,135,90,90,http://localhost:3000/posts/?year=2012,729,0,6
1594031160536,744,HTTP Request,200,OK,APIDemo 1-47,text,false,"The operation lasted too long: It took 744 milliseconds, but should not have lasted longer than 50 milliseconds.",438,135,89,89,http://localhost:3000/posts/?year=2013,744,0,27
1594031160567,716,HTTP Request,200,OK,APIDemo 1-45,text,false,"The operation lasted too long: It took 716 milliseconds, but should not have lasted longer than 50 milliseconds.",452,135,88,88,http://localhost:3000/posts/?year=2011,716,0,6
1594031160574,716,HTTP Request,200,OK,APIDemo 1-19,text,false,"The operation lasted too long: It took 716 milliseconds, but should not have lasted longer than 50 milliseconds.",481,135,87,87,http://localhost:3000/posts/?year=2004,716,0,3
1594031160576,717,HTTP Request,200,OK,APIDemo 1-46,text,false,"The operation lasted too long: It took 717 milliseconds, but should not have lasted longer than 50 milliseconds.",450,135,86,86,http://localhost:3000/posts/?year=2010,717,0,2
1594031160580,715,HTTP Request,200,OK,APIDemo 1-27,text,false,"The operation lasted too long: It took 715 milliseconds, but should not have lasted longer than 50 milliseconds.",452,135,85,85,http://localhost:3000/posts/?year=2011,715,0,7
1594031160588,709,HTTP Request,200,OK,APIDemo 1-29,text,false,"The operation lasted too long: It took 709 milliseconds, but should not have lasted longer than 50 milliseconds.",444,135,84,84,http://localhost:3000/posts/?year=2012,709,0,6
1594031160590,709,HTTP Request,200,OK,APIDemo 1-14,text,false,"The operation lasted too long: It took 709 milliseconds, but should not have lasted longer than 50 milliseconds.",454,135,83,83,http://localhost:3000/posts/?year=2005,709,0,3
1594031160594,710,HTTP Request,200,OK,APIDemo 1-28,text,false,"The operation lasted too long: It took 710 milliseconds, but should not have lasted longer than 50 milliseconds.",438,135,82,82,http://localhost:3000/posts/?year=2013,710,0,3
1594031160597,710,HTTP Request,200,OK,APIDemo 1-10,text,false,"The operation lasted too long: It took 710 milliseconds, but should not have lasted longer than 50 milliseconds.",452,135,81,81,http://localhost:3000/posts/?year=2011,710,0,6
1594031160604,709,HTTP Request,200,OK,APIDemo 1-30,text,false,"The operation lasted too long: It took 709 milliseconds, but should not have lasted longer than 50 milliseconds.",450,135,80,80,http://localhost:3000/posts/?year=2014,709,0,4
1594031160605,710,HTTP Request,200,OK,APIDemo 1-26,text,false,"The operation lasted too long: It took 710 milliseconds, but should not have lasted longer than 50 milliseconds.",441,135,79,79,http://localhost:3000/posts/?year=2015,710,0,4
1594031160610,709,HTTP Request,200,OK,APIDemo 1-15,text,false,"The operation lasted too long: It took 709 milliseconds, but should not have lasted longer than 50 milliseconds.",447,135,78,78,http://localhost:3000/posts/?year=2007,709,0,4
1594031160618,705,HTTP Request,200,OK,APIDemo 1-3,text,false,"The operation lasted too long: It took 705 milliseconds, but should not have lasted longer than 50 milliseconds.",444,135,77,77,http://localhost:3000/posts/?year=2019,704,0,5
1594031160624,700,HTTP Request,200,OK,APIDemo 1-5,text,false,"The operation lasted too long: It took 700 milliseconds, but should not have lasted longer than 50 milliseconds.",441,135,76,76,http://localhost:3000/posts/?year=2015,700,0,5
1594031160485,841,HTTP Request,200,OK,APIDemo 1-20,text,false,"The operation lasted too long: It took 841 milliseconds, but should not have lasted longer than 50 milliseconds.",442,135,75,75,http://localhost:3000/posts/?year=2003,841,0,149
1594031160479,849,HTTP Request,200,OK,APIDemo 1-38,text,false,"The operation lasted too long: It took 849 milliseconds, but should not have lasted longer than 50 milliseconds.",442,135,74,74,http://localhost:3000/posts/?year=2003,849,0,158
1594031160426,904,HTTP Request,200,OK,APIDemo 1-36,text,false,"The operation lasted too long: It took 904 milliseconds, but should not have lasted longer than 50 milliseconds.",454,135,73,73,http://localhost:3000/posts/?year=2005,904,0,214
1594031160471,862,HTTP Request,200,OK,APIDemo 1-22,text,false,"The operation lasted too long: It took 862 milliseconds, but should not have lasted longer than 50 milliseconds.",444,135,72,72,http://localhost:3000/posts/?year=2001,862,0,173
1594031160377,957,HTTP Request,200,OK,APIDemo 1-23,text,false,"The operation lasted too long: It took 957 milliseconds, but should not have lasted longer than 50 milliseconds.",443,135,71,71,http://localhost:3000/posts/?year=2017,957,0,270
1594031160376,961,HTTP Request,200,OK,APIDemo 1-8,text,false,"The operation lasted too long: It took 961 milliseconds, but should not have lasted longer than 50 milliseconds.",438,135,70,70,http://localhost:3000/posts/?year=2013,961,0,277
1594031160424,915,HTTP Request,200,OK,APIDemo 1-35,text,false,"The operation lasted too long: It took 915 milliseconds, but should not have lasted longer than 50 milliseconds.",447,135,69,69,http://localhost:3000/posts/?year=2007,915,0,235
1594031160377,966,HTTP Request,200,OK,APIDemo 1-21,text,false,"The operation lasted too long: It took 966 milliseconds, but should not have lasted longer than 50 milliseconds.",442,135,68,68,http://localhost:3000/posts/?year=2020,966,0,287
1594031160425,921,HTTP Request,200,OK,APIDemo 1-34,text,false,"The operation lasted too long: It took 921 milliseconds, but should not have lasted longer than 50 milliseconds.",440,135,67,67,http://localhost:3000/posts/?year=2006,921,0,241
1594031160424,924,HTTP Request,200,OK,APIDemo 1-37,text,false,"The operation lasted too long: It took 924 milliseconds, but should not have lasted longer than 50 milliseconds.",481,135,66,66,http://localhost:3000/posts/?year=2004,924,0,245
1594031160369,980,HTTP Request,200,OK,APIDemo 1-4,text,false,"The operation lasted too long: It took 980 milliseconds, but should not have lasted longer than 50 milliseconds.",443,135,65,65,http://localhost:3000/posts/?year=2017,980,0,304
1594031160436,916,HTTP Request,200,OK,APIDemo 1-40,text,false,"The operation lasted too long: It took 916 milliseconds, but should not have lasted longer than 50 milliseconds.",444,135,64,64,http://localhost:3000/posts/?year=2001,916,0,240
1594031160427,927,HTTP Request,200,OK,APIDemo 1-42,text,false,"The operation lasted too long: It took 927 milliseconds, but should not have lasted longer than 50 milliseconds.",452,135,63,63,http://localhost:3000/posts/?year=2018,927,0,258
1594031160431,924,HTTP Request,200,OK,APIDemo 1-1,text,false,"The operation lasted too long: It took 924 milliseconds, but should not have lasted longer than 50 milliseconds.",452,135,62,62,http://localhost:3000/posts/?year=2018,924,0,253
1594031160443,914,HTTP Request,200,OK,APIDemo 1-11,text,false,"The operation lasted too long: It took 914 milliseconds, but should not have lasted longer than 50 milliseconds.",450,135,61,61,http://localhost:3000/posts/?year=2010,914,0,249
1594031160434,924,HTTP Request,200,OK,APIDemo 1-2,text,false,"The operation lasted too long: It took 924 milliseconds, but should not have lasted longer than 50 milliseconds.",442,135,60,60,http://localhost:3000/posts/?year=2020,924,0,260
1594031160441,931,HTTP Request,200,OK,APIDemo 1-39,text,false,"The operation lasted too long: It took 931 milliseconds, but should not have lasted longer than 50 milliseconds.",451,135,59,59,http://localhost:3000/posts/?year=2002,931,0,257
1594031160438,1017,HTTP Request,200,OK,APIDemo 1-41,text,false,"The operation lasted too long: It took 1,017 milliseconds, but should not have lasted longer than 50 milliseconds.",444,135,58,58,http://localhost:3000/posts/?year=2019,1017,0,263
1594031160434,1027,HTTP Request,200,OK,APIDemo 1-43,text,false,"The operation lasted too long: It took 1,027 milliseconds, but should not have lasted longer than 50 milliseconds.",442,135,57,57,http://localhost:3000/posts/?year=2020,1027,0,273
1594031160447,1018,HTTP Request,200,OK,APIDemo 1-12,text,false,"The operation lasted too long: It took 1,018 milliseconds, but should not have lasted longer than 50 milliseconds.",454,135,56,56,http://localhost:3000/posts/?year=2009,1018,0,263
1594031160446,1022,HTTP Request,200,OK,APIDemo 1-13,text,false,"The operation lasted too long: It took 1,022 milliseconds, but should not have lasted longer than 50 milliseconds.",457,135,55,55,http://localhost:3000/posts/?year=2008,1022,0,268
1594031160453,1018,HTTP Request,200,OK,APIDemo 1-25,text,false,"The operation lasted too long: It took 1,018 milliseconds, but should not have lasted longer than 50 milliseconds.",452,135,54,54,http://localhost:3000/posts/?year=2018,1018,0,265
1594031160450,1024,HTTP Request,200,OK,APIDemo 1-17,text,false,"The operation lasted too long: It took 1,024 milliseconds, but should not have lasted longer than 50 milliseconds.",451,135,53,53,http://localhost:3000/posts/?year=2002,1024,0,270
1594031160451,1034,HTTP Request,200,OK,APIDemo 1-16,text,false,"The operation lasted too long: It took 1,034 milliseconds, but should not have lasted longer than 50 milliseconds.",440,135,52,52,http://localhost:3000/posts/?year=2006,1034,0,271
1594031160449,1039,HTTP Request,200,OK,APIDemo 1-7,text,false,"The operation lasted too long: It took 1,039 milliseconds, but should not have lasted longer than 50 milliseconds.",443,135,51,51,http://localhost:3000/posts/?year=2016,1039,0,276
1594031160430,1060,HTTP Request,200,OK,APIDemo 1-33,text,false,"The operation lasted too long: It took 1,060 milliseconds, but should not have lasted longer than 50 milliseconds.",457,135,50,50,http://localhost:3000/posts/?year=2008,1060,0,295
1594031160728,765,HTTP Request,200,OK,APIDemo 1-53,text,false,"The operation lasted too long: It took 765 milliseconds, but should not have lasted longer than 50 milliseconds.",457,135,49,49,http://localhost:3000/posts/?year=2008,765,0,3
1594031160729,771,HTTP Request,200,OK,APIDemo 1-52,text,false,"The operation lasted too long: It took 771 milliseconds, but should not have lasted longer than 50 milliseconds.",454,135,48,48,http://localhost:3000/posts/?year=2009,771,0,5
1594031160765,740,HTTP Request,200,OK,APIDemo 1-54,text,false,"The operation lasted too long: It took 740 milliseconds, but should not have lasted longer than 50 milliseconds.",447,135,47,47,http://localhost:3000/posts/?year=2007,740,0,7
1594031160781,727,HTTP Request,200,OK,APIDemo 1-56,text,false,"The operation lasted too long: It took 727 milliseconds, but should not have lasted longer than 50 milliseconds.",454,135,46,46,http://localhost:3000/posts/?year=2005,727,0,5
1594031160777,740,HTTP Request,200,OK,APIDemo 1-55,text,false,"The operation lasted too long: It took 740 milliseconds, but should not have lasted longer than 50 milliseconds.",440,135,45,45,http://localhost:3000/posts/?year=2006,740,0,15
1594031160797,724,HTTP Request,200,OK,APIDemo 1-59,text,false,"The operation lasted too long: It took 724 milliseconds, but should not have lasted longer than 50 milliseconds.",442,135,44,44,http://localhost:3000/posts/?year=2003,724,0,3
1594031160799,728,HTTP Request,200,OK,APIDemo 1-58,text,false,"The operation lasted too long: It took 728 milliseconds, but should not have lasted longer than 50 milliseconds.",481,135,43,43,http://localhost:3000/posts/?year=2004,728,0,3
1594031160808,724,HTTP Request,200,OK,APIDemo 1-60,text,false,"The operation lasted too long: It took 724 milliseconds, but should not have lasted longer than 50 milliseconds.",444,135,42,42,http://localhost:3000/posts/?year=2001,724,0,2
1594031160809,730,HTTP Request,200,OK,APIDemo 1-57,text,false,"The operation lasted too long: It took 730 milliseconds, but should not have lasted longer than 50 milliseconds.",451,135,41,41,http://localhost:3000/posts/?year=2002,730,0,6
1594031160817,728,HTTP Request,200,OK,APIDemo 1-61,text,false,"The operation lasted too long: It took 728 milliseconds, but should not have lasted longer than 50 milliseconds.",442,135,40,40,http://localhost:3000/posts/?year=2020,727,0,6
1594031160825,738,HTTP Request,200,OK,APIDemo 1-62,text,false,"The operation lasted too long: It took 738 milliseconds, but should not have lasted longer than 50 milliseconds.",444,135,39,39,http://localhost:3000/posts/?year=2019,738,0,3
1594031160830,737,HTTP Request,200,OK,APIDemo 1-63,text,false,"The operation lasted too long: It took 737 milliseconds, but should not have lasted longer than 50 milliseconds.",452,135,38,38,http://localhost:3000/posts/?year=2018,737,0,4
1594031160857,715,HTTP Request,200,OK,APIDemo 1-65,text,false,"The operation lasted too long: It took 715 milliseconds, but should not have lasted longer than 50 milliseconds.",443,135,37,37,http://localhost:3000/posts/?year=2017,714,0,11
1594031160871,711,HTTP Request,200,OK,APIDemo 1-67,text,false,"The operation lasted too long: It took 711 milliseconds, but should not have lasted longer than 50 milliseconds.",441,135,36,36,http://localhost:3000/posts/?year=2015,711,0,2
1594031160870,720,HTTP Request,200,OK,APIDemo 1-64,text,false,"The operation lasted too long: It took 720 milliseconds, but should not have lasted longer than 50 milliseconds.",443,135,35,35,http://localhost:3000/posts/?year=2016,720,0,3
1594031160874,719,HTTP Request,200,OK,APIDemo 1-66,text,false,"The operation lasted too long: It took 719 milliseconds, but should not have lasted longer than 50 milliseconds.",450,135,34,34,http://localhost:3000/posts/?year=2014,719,0,4
1594031160881,719,HTTP Request,200,OK,APIDemo 1-68,text,false,"The operation lasted too long: It took 719 milliseconds, but should not have lasted longer than 50 milliseconds.",438,135,33,33,http://localhost:3000/posts/?year=2013,719,0,4
1594031160893,709,HTTP Request,200,OK,APIDemo 1-69,text,false,"The operation lasted too long: It took 709 milliseconds, but should not have lasted longer than 50 milliseconds.",444,135,32,32,http://localhost:3000/posts/?year=2012,709,0,3
1594031160900,706,HTTP Request,200,OK,APIDemo 1-70,text,false,"The operation lasted too long: It took 706 milliseconds, but should not have lasted longer than 50 milliseconds.",452,135,31,31,http://localhost:3000/posts/?year=2011,706,0,2
1594031160908,701,HTTP Request,200,OK,APIDemo 1-71,text,false,"The operation lasted too long: It took 701 milliseconds, but should not have lasted longer than 50 milliseconds.",450,135,30,30,http://localhost:3000/posts/?year=2010,701,0,1
1594031160916,696,HTTP Request,200,OK,APIDemo 1-72,text,false,"The operation lasted too long: It took 696 milliseconds, but should not have lasted longer than 50 milliseconds.",454,135,29,29,http://localhost:3000/posts/?year=2009,696,0,3
1594031160921,694,HTTP Request,200,OK,APIDemo 1-73,text,false,"The operation lasted too long: It took 694 milliseconds, but should not have lasted longer than 50 milliseconds.",457,135,28,28,http://localhost:3000/posts/?year=2008,694,0,2
1594031160928,690,HTTP Request,200,OK,APIDemo 1-74,text,false,"The operation lasted too long: It took 690 milliseconds, but should not have lasted longer than 50 milliseconds.",440,135,27,27,http://localhost:3000/posts/?year=2006,690,0,2
1594031160927,694,HTTP Request,200,OK,APIDemo 1-75,text,false,"The operation lasted too long: It took 694 milliseconds, but should not have lasted longer than 50 milliseconds.",447,135,26,26,http://localhost:3000/posts/?year=2007,694,0,6
1594031160936,688,HTTP Request,200,OK,APIDemo 1-76,text,false,"The operation lasted too long: It took 688 milliseconds, but should not have lasted longer than 50 milliseconds.",454,135,25,25,http://localhost:3000/posts/?year=2005,688,0,2
1594031160942,686,HTTP Request,200,OK,APIDemo 1-77,text,false,"The operation lasted too long: It took 686 milliseconds, but should not have lasted longer than 50 milliseconds.",481,135,24,24,http://localhost:3000/posts/?year=2004,686,0,4
1594031160952,678,HTTP Request,200,OK,APIDemo 1-80,text,false,"The operation lasted too long: It took 678 milliseconds, but should not have lasted longer than 50 milliseconds.",451,135,23,23,http://localhost:3000/posts/?year=2002,678,0,3
1594031160955,678,HTTP Request,200,OK,APIDemo 1-78,text,false,"The operation lasted too long: It took 678 milliseconds, but should not have lasted longer than 50 milliseconds.",442,135,22,22,http://localhost:3000/posts/?year=2003,678,0,5
1594031160960,676,HTTP Request,200,OK,APIDemo 1-79,text,false,"The operation lasted too long: It took 676 milliseconds, but should not have lasted longer than 50 milliseconds.",444,135,21,21,http://localhost:3000/posts/?year=2001,676,0,3
1594031160971,668,HTTP Request,200,OK,APIDemo 1-81,text,false,"The operation lasted too long: It took 668 milliseconds, but should not have lasted longer than 50 milliseconds.",442,135,20,20,http://localhost:3000/posts/?year=2020,668,0,2
1594031160978,666,HTTP Request,200,OK,APIDemo 1-82,text,false,"The operation lasted too long: It took 666 milliseconds, but should not have lasted longer than 50 milliseconds.",444,135,19,19,http://localhost:3000/posts/?year=2019,666,0,4
1594031160979,668,HTTP Request,200,OK,APIDemo 1-83,text,false,"The operation lasted too long: It took 668 milliseconds, but should not have lasted longer than 50 milliseconds.",452,135,18,18,http://localhost:3000/posts/?year=2018,668,0,4
1594031160990,660,HTTP Request,200,OK,APIDemo 1-84,text,false,"The operation lasted too long: It took 660 milliseconds, but should not have lasted longer than 50 milliseconds.",443,135,17,17,http://localhost:3000/posts/?year=2017,660,0,5
1594031160992,663,HTTP Request,200,OK,APIDemo 1-85,text,false,"The operation lasted too long: It took 663 milliseconds, but should not have lasted longer than 50 milliseconds.",443,135,16,16,http://localhost:3000/posts/?year=2016,663,0,4
1594031161003,655,HTTP Request,200,OK,APIDemo 1-86,text,false,"The operation lasted too long: It took 655 milliseconds, but should not have lasted longer than 50 milliseconds.",441,135,15,15,http://localhost:3000/posts/?year=2015,655,0,5
1594031161007,658,HTTP Request,200,OK,APIDemo 1-87,text,false,"The operation lasted too long: It took 658 milliseconds, but should not have lasted longer than 50 milliseconds.",450,135,14,14,http://localhost:3000/posts/?year=2014,658,0,3
1594031161015,656,HTTP Request,200,OK,APIDemo 1-88,text,false,"The operation lasted too long: It took 656 milliseconds, but should not have lasted longer than 50 milliseconds.",438,135,13,13,http://localhost:3000/posts/?year=2013,656,0,5
1594031161019,655,HTTP Request,200,OK,APIDemo 1-89,text,false,"The operation lasted too long: It took 655 milliseconds, but should not have lasted longer than 50 milliseconds.",444,135,12,12,http://localhost:3000/posts/?year=2012,655,0,4
1594031161027,649,HTTP Request,200,OK,APIDemo 1-91,text,false,"The operation lasted too long: It took 649 milliseconds, but should not have lasted longer than 50 milliseconds.",450,135,11,11,http://localhost:3000/posts/?year=2010,649,0,3
1594031161026,652,HTTP Request,200,OK,APIDemo 1-90,text,false,"The operation lasted too long: It took 652 milliseconds, but should not have lasted longer than 50 milliseconds.",452,135,10,10,http://localhost:3000/posts/?year=2011,652,0,9
1594031161038,642,HTTP Request,200,OK,APIDemo 1-92,text,false,"The operation lasted too long: It took 642 milliseconds, but should not have lasted longer than 50 milliseconds.",454,135,9,9,http://localhost:3000/posts/?year=2009,642,0,2
1594031161043,639,HTTP Request,200,OK,APIDemo 1-93,text,false,"The operation lasted too long: It took 639 milliseconds, but should not have lasted longer than 50 milliseconds.",457,135,8,8,http://localhost:3000/posts/?year=2008,639,0,4
1594031161052,632,HTTP Request,200,OK,APIDemo 1-94,text,false,"The operation lasted too long: It took 632 milliseconds, but should not have lasted longer than 50 milliseconds.",447,135,7,7,http://localhost:3000/posts/?year=2007,632,0,4
1594031161060,627,HTTP Request,200,OK,APIDemo 1-95,text,false,"The operation lasted too long: It took 627 milliseconds, but should not have lasted longer than 50 milliseconds.",440,135,6,6,http://localhost:3000/posts/?year=2006,627,0,2
1594031161068,639,HTTP Request,200,OK,APIDemo 1-96,text,false,"The operation lasted too long: It took 639 milliseconds, but should not have lasted longer than 50 milliseconds.",454,135,5,5,http://localhost:3000/posts/?year=2005,638,0,3
1594031161085,627,HTTP Request,200,OK,APIDemo 1-97,text,false,"The operation lasted too long: It took 627 milliseconds, but should not have lasted longer than 50 milliseconds.",481,135,4,4,http://localhost:3000/posts/?year=2004,627,0,2
1594031161092,630,HTTP Request,200,OK,APIDemo 1-99,text,false,"The operation lasted too long: It took 630 milliseconds, but should not have lasted longer than 50 milliseconds.",451,135,3,3,http://localhost:3000/posts/?year=2002,630,0,2
1594031161090,634,HTTP Request,200,OK,APIDemo 1-98,text,false,"The operation lasted too long: It took 634 milliseconds, but should not have lasted longer than 50 milliseconds.",442,135,2,2,http://localhost:3000/posts/?year=2003,634,0,5
1594031161103,623,HTTP Request,200,OK,APIDemo 1-100,text,false,"The operation lasted too long: It took 623 milliseconds, but should not have lasted longer than 50 milliseconds.",444,135,1,1,http://localhost:3000/posts/?year=2001,623,0,6
