1593733803109,878,HomePage,200,OK,Users 1-5,text,false,Tidy Parser errors:   9 (allowed 8) Tidy Parser warnings: 17 (allowed 80),21500,360,22,22,https://anilpotula.blogspot.com/2019/10/auto-fill-date-in-excel-based-on-status.html,362,0,46
1593733803109,362,HomePage-0,301,Moved Permanently,Users 1-5,text,true,,789,180,22,22,http://anilpotula.blogspot.com/2019/10/auto-fill-date-in-excel-based-on-status.html,362,0,46
1593733803472,515,HomePage-1,200,OK,Users 1-5,text,true,,20711,180,22,22,https://anilpotula.blogspot.com/2019/10/auto-fill-date-in-excel-based-on-status.html,464,0,183
1593733803999,948,HomePage,200,OK,Users 1-5,text,false,Tidy Parser errors:   9 (allowed 8) Tidy Parser warnings: 17 (allowed 80),21500,360,41,41,https://anilpotula.blogspot.com/2019/10/auto-fill-date-in-excel-based-on-status.html,390,0,0
1593733803999,390,HomePage-0,301,Moved Permanently,Users 1-5,text,true,,789,180,41,41,http://anilpotula.blogspot.com/2019/10/auto-fill-date-in-excel-based-on-status.html,390,0,0
1593733804389,558,HomePage-1,200,OK,Users 1-5,text,true,,20711,180,41,41,https://anilpotula.blogspot.com/2019/10/auto-fill-date-in-excel-based-on-status.html,500,0,0
1593733803305,1831,HomePage,200,OK,Users 1-9,text,false,Tidy Parser errors:   9 (allowed 8) Tidy Parser warnings: 17 (allowed 80),21500,360,44,44,https://anilpotula.blogspot.com/2019/10/auto-fill-date-in-excel-based-on-status.html,356,0,42
1593733803305,357,HomePage-0,301,Moved Permanently,Users 1-9,text,true,,789,180,44,44,http://anilpotula.blogspot.com/2019/10/auto-fill-date-in-excel-based-on-status.html,356,0,42
1593733803662,1474,HomePage-1,200,OK,Users 1-9,text,true,,20711,180,44,44,https://anilpotula.blogspot.com/2019/10/auto-fill-date-in-excel-based-on-status.html,1397,0,189
1593733804514,948,HomePage,200,OK,Users 1-33,text,false,Tidy Parser errors:   9 (allowed 8) Tidy Parser warnings: 17 (allowed 80),21500,360,50,50,https://anilpotula.blogspot.com/2019/10/auto-fill-date-in-excel-based-on-status.html,328,0,44
1593733804514,328,HomePage-0,301,Moved Permanently,Users 1-33,text,true,,789,180,50,50,http://anilpotula.blogspot.com/2019/10/auto-fill-date-in-excel-based-on-status.html,328,0,44
1593733804844,618,HomePage-1,200,OK,Users 1-33,text,true,,20711,180,50,50,https://anilpotula.blogspot.com/2019/10/auto-fill-date-in-excel-based-on-status.html,526,0,203
1593733802904,2729,HomePage,200,OK,Users 1-1,text,false,Tidy Parser errors:   9 (allowed 8) Tidy Parser warnings: 17 (allowed 80),21492,360,54,54,https://anilpotula.blogspot.com/2019/10/auto-fill-date-in-excel-based-on-status.html,1268,0,56
1593733802904,1270,HomePage-0,301,Moved Permanently,Users 1-1,text,true,,789,180,54,54,http://anilpotula.blogspot.com/2019/10/auto-fill-date-in-excel-based-on-status.html,1268,0,56
1593733804175,1458,HomePage-1,200,OK,Users 1-1,text,true,,20703,180,54,54,https://anilpotula.blogspot.com/2019/10/auto-fill-date-in-excel-based-on-status.html,1391,0,196
1593733803757,1892,HomePage,200,OK,Users 1-18,text,false,Tidy Parser errors:   9 (allowed 8) Tidy Parser warnings: 17 (allowed 80),21500,360,54,54,https://anilpotula.blogspot.com/2019/10/auto-fill-date-in-excel-based-on-status.html,1292,0,54
1593733803757,1292,HomePage-0,301,Moved Permanently,Users 1-18,text,true,,789,180,54,54,http://anilpotula.blogspot.com/2019/10/auto-fill-date-in-excel-based-on-status.html,1292,0,54
1593733805051,598,HomePage-1,200,OK,Users 1-18,text,true,,20711,180,54,54,https://anilpotula.blogspot.com/2019/10/auto-fill-date-in-excel-based-on-status.html,540,0,243
1593733803805,1856,HomePage,200,OK,Users 1-19,text,false,Tidy Parser errors:   9 (allowed 8) Tidy Parser warnings: 17 (allowed 80),21500,360,54,54,https://anilpotula.blogspot.com/2019/10/auto-fill-date-in-excel-based-on-status.html,370,0,47
1593733803805,370,HomePage-0,301,Moved Permanently,Users 1-19,text,true,,789,180,54,54,http://anilpotula.blogspot.com/2019/10/auto-fill-date-in-excel-based-on-status.html,370,0,47
1593733804175,1486,HomePage-1,200,OK,Users 1-19,text,true,,20711,180,54,54,https://anilpotula.blogspot.com/2019/10/auto-fill-date-in-excel-based-on-status.html,1425,0,204
1593733802958,2735,HomePage,200,OK,Users 1-2,text,false,Tidy Parser errors:   9 (allowed 8) Tidy Parser warnings: 17 (allowed 80),21500,360,55,55,https://anilpotula.blogspot.com/2019/10/auto-fill-date-in-excel-based-on-status.html,1264,0,45
1593733802958,1264,HomePage-0,301,Moved Permanently,Users 1-2,text,true,,789,180,55,55,http://anilpotula.blogspot.com/2019/10/auto-fill-date-in-excel-based-on-status.html,1264,0,45
1593733804223,1470,HomePage-1,200,OK,Users 1-2,text,true,,20711,180,55,55,https://anilpotula.blogspot.com/2019/10/auto-fill-date-in-excel-based-on-status.html,1429,0,210
1593733803905,1819,HomePage,200,OK,Users 1-21,text,false,Tidy Parser errors:   9 (allowed 8) Tidy Parser warnings: 17 (allowed 80),21500,360,56,56,https://anilpotula.blogspot.com/2019/10/auto-fill-date-in-excel-based-on-status.html,353,0,47
1593733803905,354,HomePage-0,301,Moved Permanently,Users 1-21,text,true,,789,180,56,56,http://anilpotula.blogspot.com/2019/10/auto-fill-date-in-excel-based-on-status.html,353,0,47
1593733804260,1464,HomePage-1,200,OK,Users 1-21,text,true,,20711,180,56,56,https://anilpotula.blogspot.com/2019/10/auto-fill-date-in-excel-based-on-status.html,1405,0,228
1593733803008,2721,HomePage,200,OK,Users 1-3,text,false,Tidy Parser errors:   9 (allowed 8) Tidy Parser warnings: 17 (allowed 80),21500,360,56,56,https://anilpotula.blogspot.com/2019/10/auto-fill-date-in-excel-based-on-status.html,1248,0,45
1593733803008,1250,HomePage-0,301,Moved Permanently,Users 1-3,text,true,,789,180,56,56,http://anilpotula.blogspot.com/2019/10/auto-fill-date-in-excel-based-on-status.html,1248,0,45
1593733804260,1469,HomePage-1,200,OK,Users 1-3,text,true,,20711,180,56,56,https://anilpotula.blogspot.com/2019/10/auto-fill-date-in-excel-based-on-status.html,1417,0,220
1593733805145,702,HomePage,200,OK,Users 1-9,text,false,Tidy Parser errors:   9 (allowed 8) Tidy Parser warnings: 17 (allowed 80),21500,360,58,58,https://anilpotula.blogspot.com/2019/10/auto-fill-date-in-excel-based-on-status.html,323,0,0
1593733805145,323,HomePage-0,301,Moved Permanently,Users 1-9,text,true,,789,180,58,58,http://anilpotula.blogspot.com/2019/10/auto-fill-date-in-excel-based-on-status.html,323,0,0
1593733805468,379,HomePage-1,200,OK,Users 1-9,text,true,,20711,180,58,58,https://anilpotula.blogspot.com/2019/10/auto-fill-date-in-excel-based-on-status.html,306,0,0
1593733803059,2799,HomePage,200,OK,Users 1-4,text,false,Tidy Parser errors:   9 (allowed 8) Tidy Parser warnings: 17 (allowed 80),21500,360,57,57,https://anilpotula.blogspot.com/2019/10/auto-fill-date-in-excel-based-on-status.html,1225,0,46
1593733803059,1225,HomePage-0,301,Moved Permanently,Users 1-4,text,true,,789,180,57,57,http://anilpotula.blogspot.com/2019/10/auto-fill-date-in-excel-based-on-status.html,1225,0,46
1593733804285,1573,HomePage-1,200,OK,Users 1-4,text,true,,20711,180,57,57,https://anilpotula.blogspot.com/2019/10/auto-fill-date-in-excel-based-on-status.html,1505,0,203
1593733804056,1802,HomePage,200,OK,Users 1-24,text,false,Tidy Parser errors:   9 (allowed 8) Tidy Parser warnings: 17 (allowed 80),21500,360,57,57,https://anilpotula.blogspot.com/2019/10/auto-fill-date-in-excel-based-on-status.html,354,0,63
1593733804056,354,HomePage-0,301,Moved Permanently,Users 1-24,text,true,,789,180,57,57,http://anilpotula.blogspot.com/2019/10/auto-fill-date-in-excel-based-on-status.html,354,0,63
1593733804410,1448,HomePage-1,200,OK,Users 1-24,text,true,,20711,180,57,57,https://anilpotula.blogspot.com/2019/10/auto-fill-date-in-excel-based-on-status.html,1388,0,209
1593733803159,2703,HomePage,200,OK,Users 1-6,text,false,Tidy Parser errors:   9 (allowed 8) Tidy Parser warnings: 17 (allowed 80),21500,360,57,57,https://anilpotula.blogspot.com/2019/10/auto-fill-date-in-excel-based-on-status.html,1245,0,43
1593733803159,1250,HomePage-0,301,Moved Permanently,Users 1-6,text,true,,789,180,57,57,http://anilpotula.blogspot.com/2019/10/auto-fill-date-in-excel-based-on-status.html,1245,0,43
1593733804410,1452,HomePage-1,200,OK,Users 1-6,text,true,,20711,180,57,57,https://anilpotula.blogspot.com/2019/10/auto-fill-date-in-excel-based-on-status.html,1390,0,207
1593733804009,1864,HomePage,200,OK,Users 1-23,text,false,Tidy Parser errors:   9 (allowed 8) Tidy Parser warnings: 17 (allowed 80),21500,360,58,58,https://anilpotula.blogspot.com/2019/10/auto-fill-date-in-excel-based-on-status.html,1281,0,44
1593733804009,1281,HomePage-0,301,Moved Permanently,Users 1-23,text,true,,789,180,58,58,http://anilpotula.blogspot.com/2019/10/auto-fill-date-in-excel-based-on-status.html,1281,0,44
1593733805291,582,HomePage-1,200,OK,Users 1-23,text,true,,20711,180,58,58,https://anilpotula.blogspot.com/2019/10/auto-fill-date-in-excel-based-on-status.html,535,0,238
1593733803208,2736,HomePage,200,OK,Users 1-7,text,false,Tidy Parser errors:   9 (allowed 8) Tidy Parser warnings: 17 (allowed 80),21500,360,59,59,https://anilpotula.blogspot.com/2019/10/auto-fill-date-in-excel-based-on-status.html,1285,0,43
1593733803208,1285,HomePage-0,301,Moved Permanently,Users 1-7,text,true,,789,180,59,59,http://anilpotula.blogspot.com/2019/10/auto-fill-date-in-excel-based-on-status.html,1285,0,43
1593733804494,1450,HomePage-1,200,OK,Users 1-7,text,true,,20711,180,59,59,https://anilpotula.blogspot.com/2019/10/auto-fill-date-in-excel-based-on-status.html,1402,0,219
1593733803258,2710,HomePage,200,OK,Users 1-8,text,false,Tidy Parser errors:   9 (allowed 8) Tidy Parser warnings: 17 (allowed 80),21500,360,59,59,https://anilpotula.blogspot.com/2019/10/auto-fill-date-in-excel-based-on-status.html,1233,0,43
1593733803258,1235,HomePage-0,301,Moved Permanently,Users 1-8,text,true,,789,180,59,59,http://anilpotula.blogspot.com/2019/10/auto-fill-date-in-excel-based-on-status.html,1233,0,43
1593733804494,1474,HomePage-1,200,OK,Users 1-8,text,true,,20711,180,59,59,https://anilpotula.blogspot.com/2019/10/auto-fill-date-in-excel-based-on-status.html,1418,0,218
1593733803355,2734,HomePage,200,OK,Users 1-10,text,false,Tidy Parser errors:   9 (allowed 8) Tidy Parser warnings: 17 (allowed 80),21500,360,62,62,https://anilpotula.blogspot.com/2019/10/auto-fill-date-in-excel-based-on-status.html,1293,0,64
1593733803355,1297,HomePage-0,301,Moved Permanently,Users 1-10,text,true,,789,180,62,62,http://anilpotula.blogspot.com/2019/10/auto-fill-date-in-excel-based-on-status.html,1293,0,64
1593733804652,1437,HomePage-1,200,OK,Users 1-10,text,true,,20711,180,62,62,https://anilpotula.blogspot.com/2019/10/auto-fill-date-in-excel-based-on-status.html,1377,0,203
1593733805766,328,HomePage,503,Service Unavailable,Users 1-58,text,false,Test failed: code expected to contain /200/,589,180,62,62,http://anilpotula.blogspot.com/2019/10/auto-fill-date-in-excel-based-on-status.html,328,0,69
1593733805861,244,HomePage,503,Service Unavailable,Users 1-24,text,false,Test failed: code expected to contain /200/,589,180,62,62,http://anilpotula.blogspot.com/2019/10/auto-fill-date-in-excel-based-on-status.html,244,0,0
1593733804360,1748,HomePage,503,Service Unavailable,Users 1-30,text,false,Test failed: code expected to contain /200/,1606,360,61,61,https://anilpotula.blogspot.com/2019/10/auto-fill-date-in-excel-based-on-status.html,1301,0,52
1593733804360,1301,HomePage-0,301,Moved Permanently,Users 1-30,text,true,,789,180,61,61,http://anilpotula.blogspot.com/2019/10/auto-fill-date-in-excel-based-on-status.html,1301,0,52
1593733805661,447,HomePage-1,503,Service Unavailable,Users 1-30,text,false,,817,180,61,61,https://anilpotula.blogspot.com/2019/10/auto-fill-date-in-excel-based-on-status.html,447,0,201
1593733805866,246,HomePage,503,Service Unavailable,Users 1-6,text,false,Test failed: code expected to contain /200/,589,180,61,61,http://anilpotula.blogspot.com/2019/10/auto-fill-date-in-excel-based-on-status.html,246,0,0
1593733803408,2709,HomePage,503,Service Unavailable,Users 1-11,text,false,Test failed: code expected to contain /200/,1606,360,60,60,https://anilpotula.blogspot.com/2019/10/auto-fill-date-in-excel-based-on-status.html,1301,0,55
1593733803408,1302,HomePage-0,301,Moved Permanently,Users 1-11,text,true,,789,180,60,60,http://anilpotula.blogspot.com/2019/10/auto-fill-date-in-excel-based-on-status.html,1301,0,55
1593733804712,1405,HomePage-1,503,Service Unavailable,Users 1-11,text,false,,817,180,60,60,https://anilpotula.blogspot.com/2019/10/auto-fill-date-in-excel-based-on-status.html,1404,0,242
1593733804405,1712,HomePage,503,Service Unavailable,Users 1-31,text,false,Test failed: code expected to contain /200/,1606,360,60,60,https://anilpotula.blogspot.com/2019/10/auto-fill-date-in-excel-based-on-status.html,326,0,49
1593733805861,245,HomePage,503,Service Unavailable,Users 1-4,text,false,Test failed: code expected to contain /200/,589,180,62,62,http://anilpotula.blogspot.com/2019/10/auto-fill-date-in-excel-based-on-status.html,245,0,0
1593733804405,326,HomePage-0,301,Moved Permanently,Users 1-31,text,true,,789,180,60,60,http://anilpotula.blogspot.com/2019/10/auto-fill-date-in-excel-based-on-status.html,326,0,49
1593733804732,1385,HomePage-1,503,Service Unavailable,Users 1-31,text,false,,817,180,60,60,https://anilpotula.blogspot.com/2019/10/auto-fill-date-in-excel-based-on-status.html,1385,0,221
1593733805876,242,HomePage,503,Service Unavailable,Users 1-23,text,false,Test failed: code expected to contain /200/,589,180,60,60,http://anilpotula.blogspot.com/2019/10/auto-fill-date-in-excel-based-on-status.html,242,0,0
1593733803457,2663,HomePage,503,Service Unavailable,Users 1-12,text,false,Test failed: code expected to contain /200/,1606,360,58,58,https://anilpotula.blogspot.com/2019/10/auto-fill-date-in-excel-based-on-status.html,1251,0,50
1593733803457,1251,HomePage-0,301,Moved Permanently,Users 1-12,text,true,,789,180,58,58,http://anilpotula.blogspot.com/2019/10/auto-fill-date-in-excel-based-on-status.html,1251,0,50
1593733804710,1410,HomePage-1,503,Service Unavailable,Users 1-12,text,false,,817,180,58,58,https://anilpotula.blogspot.com/2019/10/auto-fill-date-in-excel-based-on-status.html,1410,0,243
1593733803505,2625,HomePage,503,Service Unavailable,Users 1-13,text,false,Test failed: code expected to contain /200/,1606,360,58,58,https://anilpotula.blogspot.com/2019/10/auto-fill-date-in-excel-based-on-status.html,1224,0,45
1593733803505,1226,HomePage-0,301,Moved Permanently,Users 1-13,text,true,,789,180,58,58,http://anilpotula.blogspot.com/2019/10/auto-fill-date-in-excel-based-on-status.html,1224,0,45
1593733804732,1398,HomePage-1,503,Service Unavailable,Users 1-13,text,false,,817,180,58,58,https://anilpotula.blogspot.com/2019/10/auto-fill-date-in-excel-based-on-status.html,1397,0,225
1593733804914,1220,HomePage,503,Service Unavailable,Users 1-41,text,false,Test failed: code expected to contain /200/,589,180,58,58,http://anilpotula.blogspot.com/2019/10/auto-fill-date-in-excel-based-on-status.html,1220,0,48
1593733804318,1821,HomePage,200,OK,Users 1-29,text,false,Tidy Parser errors:   9 (allowed 8) Tidy Parser warnings: 17 (allowed 80),21500,360,58,58,https://anilpotula.blogspot.com/2019/10/auto-fill-date-in-excel-based-on-status.html,1276,0,47
1593733804318,1276,HomePage-0,301,Moved Permanently,Users 1-29,text,true,,789,180,58,58,http://anilpotula.blogspot.com/2019/10/auto-fill-date-in-excel-based-on-status.html,1276,0,47
1593733805595,544,HomePage-1,200,OK,Users 1-29,text,true,,20711,180,58,58,https://anilpotula.blogspot.com/2019/10/auto-fill-date-in-excel-based-on-status.html,510,0,220
1593733805635,507,HomePage,503,Service Unavailable,Users 1-1,text,false,Test failed: code expected to contain /200/,1606,360,58,58,https://anilpotula.blogspot.com/2019/10/auto-fill-date-in-excel-based-on-status.html,271,0,0
1593733805635,271,HomePage-0,301,Moved Permanently,Users 1-1,text,true,,789,180,58,58,http://anilpotula.blogspot.com/2019/10/auto-fill-date-in-excel-based-on-status.html,271,0,0
1593733805906,236,HomePage-1,503,Service Unavailable,Users 1-1,text,false,,817,180,58,58,https://anilpotula.blogspot.com/2019/10/auto-fill-date-in-excel-based-on-status.html,236,0,0
1593733805947,235,HomePage,503,Service Unavailable,Users 1-7,text,false,Test failed: code expected to contain /200/,589,180,58,58,http://anilpotula.blogspot.com/2019/10/auto-fill-date-in-excel-based-on-status.html,235,0,0
1593733803609,2598,HomePage,503,Service Unavailable,Users 1-15,text,false,Test failed: code expected to contain /200/,1606,360,58,58,https://anilpotula.blogspot.com/2019/10/auto-fill-date-in-excel-based-on-status.html,1233,0,44
1593733803609,1233,HomePage-0,301,Moved Permanently,Users 1-15,text,true,,789,180,58,58,http://anilpotula.blogspot.com/2019/10/auto-fill-date-in-excel-based-on-status.html,1233,0,44
1593733804844,1363,HomePage-1,503,Service Unavailable,Users 1-15,text,false,,817,180,58,58,https://anilpotula.blogspot.com/2019/10/auto-fill-date-in-excel-based-on-status.html,1363,0,199
1593733805971,250,HomePage,503,Service Unavailable,Users 1-8,text,false,Test failed: code expected to contain /200/,589,180,57,57,http://anilpotula.blogspot.com/2019/10/auto-fill-date-in-excel-based-on-status.html,249,0,0
1593733805696,527,HomePage,503,Service Unavailable,Users 1-2,text,false,Test failed: code expected to contain /200/,1606,360,56,56,https://anilpotula.blogspot.com/2019/10/auto-fill-date-in-excel-based-on-status.html,280,0,0
1593733805696,280,HomePage-0,301,Moved Permanently,Users 1-2,text,true,,789,180,56,56,http://anilpotula.blogspot.com/2019/10/auto-fill-date-in-excel-based-on-status.html,280,0,0
1593733805976,247,HomePage-1,503,Service Unavailable,Users 1-2,text,false,,817,180,56,56,https://anilpotula.blogspot.com/2019/10/auto-fill-date-in-excel-based-on-status.html,247,0,0
1593733805663,567,HomePage,503,Service Unavailable,Users 1-19,text,false,Test failed: code expected to contain /200/,1606,360,56,56,https://anilpotula.blogspot.com/2019/10/auto-fill-date-in-excel-based-on-status.html,300,0,0
1593733805663,300,HomePage-0,301,Moved Permanently,Users 1-19,text,true,,789,180,56,56,http://anilpotula.blogspot.com/2019/10/auto-fill-date-in-excel-based-on-status.html,300,0,0
1593733805963,267,HomePage-1,503,Service Unavailable,Users 1-19,text,false,,817,180,56,56,https://anilpotula.blogspot.com/2019/10/auto-fill-date-in-excel-based-on-status.html,267,0,0
1593733803557,2677,HomePage,503,Service Unavailable,Users 1-14,text,false,Test failed: code expected to contain /200/,1606,360,55,55,https://anilpotula.blogspot.com/2019/10/auto-fill-date-in-excel-based-on-status.html,1285,0,43
1593733803557,1285,HomePage-0,301,Moved Permanently,Users 1-14,text,true,,789,180,55,55,http://anilpotula.blogspot.com/2019/10/auto-fill-date-in-excel-based-on-status.html,1285,0,43
1593733804844,1390,HomePage-1,503,Service Unavailable,Users 1-14,text,false,,817,180,55,55,https://anilpotula.blogspot.com/2019/10/auto-fill-date-in-excel-based-on-status.html,1388,0,213
1593733805015,1227,HomePage,503,Service Unavailable,Users 1-43,text,false,Test failed: code expected to contain /200/,589,180,55,55,http://anilpotula.blogspot.com/2019/10/auto-fill-date-in-excel-based-on-status.html,1227,0,64
1593733805727,542,HomePage,503,Service Unavailable,Users 1-21,text,false,Test failed: code expected to contain /200/,1606,360,55,55,https://anilpotula.blogspot.com/2019/10/auto-fill-date-in-excel-based-on-status.html,305,0,0
1593733805727,305,HomePage-0,301,Moved Permanently,Users 1-21,text,true,,789,180,55,55,http://anilpotula.blogspot.com/2019/10/auto-fill-date-in-excel-based-on-status.html,305,0,0
1593733806033,236,HomePage-1,503,Service Unavailable,Users 1-21,text,false,,817,180,55,55,https://anilpotula.blogspot.com/2019/10/auto-fill-date-in-excel-based-on-status.html,236,0,0
1593733805732,548,HomePage,503,Service Unavailable,Users 1-3,text,false,Test failed: code expected to contain /200/,1606,360,54,54,https://anilpotula.blogspot.com/2019/10/auto-fill-date-in-excel-based-on-status.html,302,0,0
1593733805732,302,HomePage-0,301,Moved Permanently,Users 1-3,text,true,,789,180,54,54,http://anilpotula.blogspot.com/2019/10/auto-fill-date-in-excel-based-on-status.html,302,0,0
1593733806034,246,HomePage-1,503,Service Unavailable,Users 1-3,text,false,,817,180,54,54,https://anilpotula.blogspot.com/2019/10/auto-fill-date-in-excel-based-on-status.html,246,0,0
1593733804567,1724,HomePage,503,Service Unavailable,Users 1-34,text,false,Test failed: code expected to contain /200/,1606,360,53,53,https://anilpotula.blogspot.com/2019/10/auto-fill-date-in-excel-based-on-status.html,1280,0,45
1593733804567,1280,HomePage-0,301,Moved Permanently,Users 1-34,text,true,,789,180,53,53,http://anilpotula.blogspot.com/2019/10/auto-fill-date-in-excel-based-on-status.html,1280,0,45
1593733805847,444,HomePage-1,503,Service Unavailable,Users 1-34,text,false,,817,180,53,53,https://anilpotula.blogspot.com/2019/10/auto-fill-date-in-excel-based-on-status.html,444,0,206
1593733803658,2643,HomePage,503,Service Unavailable,Users 1-16,text,false,Test failed: code expected to contain /200/,1606,360,53,53,https://anilpotula.blogspot.com/2019/10/auto-fill-date-in-excel-based-on-status.html,1268,0,44
1593733803658,1268,HomePage-0,301,Moved Permanently,Users 1-16,text,true,,789,180,53,53,http://anilpotula.blogspot.com/2019/10/auto-fill-date-in-excel-based-on-status.html,1268,0,44
1593733804926,1375,HomePage-1,503,Service Unavailable,Users 1-16,text,false,,817,180,53,53,https://anilpotula.blogspot.com/2019/10/auto-fill-date-in-excel-based-on-status.html,1375,0,211
1593733805469,846,HomePage,503,Service Unavailable,Users 1-33,text,false,Test failed: code expected to contain /200/,1606,360,53,53,https://anilpotula.blogspot.com/2019/10/auto-fill-date-in-excel-based-on-status.html,504,0,0
1593733805469,506,HomePage-0,301,Moved Permanently,Users 1-33,text,true,,789,180,53,53,http://anilpotula.blogspot.com/2019/10/auto-fill-date-in-excel-based-on-status.html,504,0,0
1593733805975,340,HomePage-1,503,Service Unavailable,Users 1-33,text,false,,817,180,53,53,https://anilpotula.blogspot.com/2019/10/auto-fill-date-in-excel-based-on-status.html,340,0,0
1593733805064,1254,HomePage,503,Service Unavailable,Users 1-44,text,false,Test failed: code expected to contain /200/,589,180,52,52,http://anilpotula.blogspot.com/2019/10/auto-fill-date-in-excel-based-on-status.html,1254,0,72
1593733806093,239,HomePage,503,Service Unavailable,Users 1-10,text,false,Test failed: code expected to contain /200/,589,180,52,52,http://anilpotula.blogspot.com/2019/10/auto-fill-date-in-excel-based-on-status.html,239,0,0
1593733806109,229,HomePage,503,Service Unavailable,Users 1-30,text,false,Test failed: code expected to contain /200/,589,180,51,51,http://anilpotula.blogspot.com/2019/10/auto-fill-date-in-excel-based-on-status.html,229,0,0
1593733805115,1228,HomePage,503,Service Unavailable,Users 1-45,text,false,Test failed: code expected to contain /200/,589,180,50,50,http://anilpotula.blogspot.com/2019/10/auto-fill-date-in-excel-based-on-status.html,1225,0,55
1593733806118,232,HomePage,503,Service Unavailable,Users 1-31,text,false,Test failed: code expected to contain /200/,589,180,51,51,http://anilpotula.blogspot.com/2019/10/auto-fill-date-in-excel-based-on-status.html,232,0,0
1593733806117,235,HomePage,503,Service Unavailable,Users 1-11,text,false,Test failed: code expected to contain /200/,589,180,50,50,http://anilpotula.blogspot.com/2019/10/auto-fill-date-in-excel-based-on-status.html,235,0,0
1593733806121,234,HomePage,503,Service Unavailable,Users 1-12,text,false,Test failed: code expected to contain /200/,589,180,49,49,http://anilpotula.blogspot.com/2019/10/auto-fill-date-in-excel-based-on-status.html,234,0,0
1593733806131,231,HomePage,503,Service Unavailable,Users 1-13,text,false,Test failed: code expected to contain /200/,589,180,48,48,http://anilpotula.blogspot.com/2019/10/auto-fill-date-in-excel-based-on-status.html,230,0,0
1593733805167,1203,HomePage,503,Service Unavailable,Users 1-46,text,false,Test failed: code expected to contain /200/,589,180,48,48,http://anilpotula.blogspot.com/2019/10/auto-fill-date-in-excel-based-on-status.html,1203,0,47
1593733803707,2667,HomePage,503,Service Unavailable,Users 1-17,text,false,Test failed: code expected to contain /200/,1606,360,49,49,https://anilpotula.blogspot.com/2019/10/auto-fill-date-in-excel-based-on-status.html,1295,0,58
1593733803707,1302,HomePage-0,301,Moved Permanently,Users 1-17,text,true,,789,180,49,49,http://anilpotula.blogspot.com/2019/10/auto-fill-date-in-excel-based-on-status.html,1295,0,58
1593733805009,1365,HomePage-1,503,Service Unavailable,Users 1-17,text,false,,817,180,49,49,https://anilpotula.blogspot.com/2019/10/auto-fill-date-in-excel-based-on-status.html,1364,0,219
1593733806142,236,HomePage,503,Service Unavailable,Users 1-29,text,false,Test failed: code expected to contain /200/,589,180,49,49,http://anilpotula.blogspot.com/2019/10/auto-fill-date-in-excel-based-on-status.html,236,0,0
1593733806135,243,HomePage,503,Service Unavailable,Users 1-41,text,false,Test failed: code expected to contain /200/,589,180,49,49,http://anilpotula.blogspot.com/2019/10/auto-fill-date-in-excel-based-on-status.html,243,0,0
1593733806127,281,HomePage,503,Service Unavailable,Users 1-64,text,false,Test failed: code expected to contain /200/,589,180,48,48,http://anilpotula.blogspot.com/2019/10/auto-fill-date-in-excel-based-on-status.html,280,0,45
1593733805217,1206,HomePage,503,Service Unavailable,Users 1-47,text,false,Test failed: code expected to contain /200/,589,180,49,49,http://anilpotula.blogspot.com/2019/10/auto-fill-date-in-excel-based-on-status.html,1206,0,44
1593733805651,788,HomePage,503,Service Unavailable,Users 1-18,text,false,Test failed: code expected to contain /200/,1606,360,49,49,https://anilpotula.blogspot.com/2019/10/auto-fill-date-in-excel-based-on-status.html,312,0,0
1593733805651,312,HomePage-0,301,Moved Permanently,Users 1-18,text,true,,789,180,49,49,http://anilpotula.blogspot.com/2019/10/auto-fill-date-in-excel-based-on-status.html,312,0,0
1593733805963,476,HomePage-1,503,Service Unavailable,Users 1-18,text,false,,817,180,49,49,https://anilpotula.blogspot.com/2019/10/auto-fill-date-in-excel-based-on-status.html,475,0,0
1593733806209,232,HomePage,503,Service Unavailable,Users 1-15,text,false,Test failed: code expected to contain /200/,589,180,48,48,http://anilpotula.blogspot.com/2019/10/auto-fill-date-in-excel-based-on-status.html,231,0,0
1593733804659,1795,HomePage,503,Service Unavailable,Users 1-36,text,false,Test failed: code expected to contain /200/,1606,360,47,47,https://anilpotula.blogspot.com/2019/10/auto-fill-date-in-excel-based-on-status.html,1304,0,46
1593733804659,1304,HomePage-0,301,Moved Permanently,Users 1-36,text,true,,789,180,47,47,http://anilpotula.blogspot.com/2019/10/auto-fill-date-in-excel-based-on-status.html,1304,0,46
1593733805965,489,HomePage-1,503,Service Unavailable,Users 1-36,text,false,,817,180,47,47,https://anilpotula.blogspot.com/2019/10/auto-fill-date-in-excel-based-on-status.html,489,0,203
1593733804719,1746,HomePage,503,Service Unavailable,Users 1-37,text,false,Test failed: code expected to contain /200/,1606,360,47,47,https://anilpotula.blogspot.com/2019/10/auto-fill-date-in-excel-based-on-status.html,1281,0,67
1593733806235,230,HomePage,503,Service Unavailable,Users 1-14,text,false,Test failed: code expected to contain /200/,589,180,47,47,http://anilpotula.blogspot.com/2019/10/auto-fill-date-in-excel-based-on-status.html,230,0,0
1593733804719,1282,HomePage-0,301,Moved Permanently,Users 1-37,text,true,,789,180,47,47,http://anilpotula.blogspot.com/2019/10/auto-fill-date-in-excel-based-on-status.html,1281,0,67
1593733806001,464,HomePage-1,503,Service Unavailable,Users 1-37,text,false,,817,180,47,47,https://anilpotula.blogspot.com/2019/10/auto-fill-date-in-excel-based-on-status.html,464,0,234
1593733806243,231,HomePage,503,Service Unavailable,Users 1-43,text,false,Test failed: code expected to contain /200/,589,180,47,47,http://anilpotula.blogspot.com/2019/10/auto-fill-date-in-excel-based-on-status.html,230,0,0
1593733804814,1680,HomePage,503,Service Unavailable,Users 1-39,text,false,Test failed: code expected to contain /200/,1606,360,46,46,https://anilpotula.blogspot.com/2019/10/auto-fill-date-in-excel-based-on-status.html,324,0,43
1593733804814,324,HomePage-0,301,Moved Permanently,Users 1-39,text,true,,789,180,46,46,http://anilpotula.blogspot.com/2019/10/auto-fill-date-in-excel-based-on-status.html,324,0,43
1593733805139,1355,HomePage-1,503,Service Unavailable,Users 1-39,text,false,,817,180,46,46,https://anilpotula.blogspot.com/2019/10/auto-fill-date-in-excel-based-on-status.html,1355,0,212
1593733804769,1737,HomePage,503,Service Unavailable,Users 1-38,text,false,Test failed: code expected to contain /200/,1606,360,46,46,https://anilpotula.blogspot.com/2019/10/auto-fill-date-in-excel-based-on-status.html,1263,0,49
1593733804769,1263,HomePage-0,301,Moved Permanently,Users 1-38,text,true,,789,180,46,46,http://anilpotula.blogspot.com/2019/10/auto-fill-date-in-excel-based-on-status.html,1263,0,49
1593733806033,473,HomePage-1,503,Service Unavailable,Users 1-38,text,false,,817,180,46,46,https://anilpotula.blogspot.com/2019/10/auto-fill-date-in-excel-based-on-status.html,471,0,239
1593733803857,2655,HomePage,503,Service Unavailable,Users 1-20,text,false,Test failed: code expected to contain /200/,1606,360,46,46,https://anilpotula.blogspot.com/2019/10/auto-fill-date-in-excel-based-on-status.html,1281,0,47
1593733803857,1282,HomePage-0,301,Moved Permanently,Users 1-20,text,true,,789,180,46,46,http://anilpotula.blogspot.com/2019/10/auto-fill-date-in-excel-based-on-status.html,1281,0,47
1593733805139,1373,HomePage-1,503,Service Unavailable,Users 1-20,text,false,,817,180,46,46,https://anilpotula.blogspot.com/2019/10/auto-fill-date-in-excel-based-on-status.html,1373,0,210
1593733806292,232,HomePage,503,Service Unavailable,Users 1-34,text,false,Test failed: code expected to contain /200/,589,180,47,47,http://anilpotula.blogspot.com/2019/10/auto-fill-date-in-excel-based-on-status.html,231,0,0
1593733806303,233,HomePage,503,Service Unavailable,Users 1-16,text,false,Test failed: code expected to contain /200/,589,180,46,46,http://anilpotula.blogspot.com/2019/10/auto-fill-date-in-excel-based-on-status.html,233,0,0
1593733806319,236,HomePage,503,Service Unavailable,Users 1-44,text,false,Test failed: code expected to contain /200/,589,180,45,45,http://anilpotula.blogspot.com/2019/10/auto-fill-date-in-excel-based-on-status.html,234,0,0
1593733806227,342,HomePage,503,Service Unavailable,Users 1-66,text,false,Test failed: code expected to contain /200/,589,180,44,44,http://anilpotula.blogspot.com/2019/10/auto-fill-date-in-excel-based-on-status.html,342,0,53
1593733806344,231,HomePage,503,Service Unavailable,Users 1-45,text,false,Test failed: code expected to contain /200/,589,180,45,45,http://anilpotula.blogspot.com/2019/10/auto-fill-date-in-excel-based-on-status.html,231,0,0
1593733806371,235,HomePage,503,Service Unavailable,Users 1-46,text,false,Test failed: code expected to contain /200/,589,180,44,44,http://anilpotula.blogspot.com/2019/10/auto-fill-date-in-excel-based-on-status.html,234,0,0
1593733806375,232,HomePage,503,Service Unavailable,Users 1-17,text,false,Test failed: code expected to contain /200/,589,180,44,44,http://anilpotula.blogspot.com/2019/10/auto-fill-date-in-excel-based-on-status.html,231,0,0
1593733805367,1244,HomePage,503,Service Unavailable,Users 1-50,text,false,Test failed: code expected to contain /200/,589,180,42,42,http://anilpotula.blogspot.com/2019/10/auto-fill-date-in-excel-based-on-status.html,1243,0,85
1593733804865,1762,HomePage,503,Service Unavailable,Users 1-40,text,false,Test failed: code expected to contain /200/,1606,360,43,43,https://anilpotula.blogspot.com/2019/10/auto-fill-date-in-excel-based-on-status.html,382,0,45
1593733804865,382,HomePage-0,301,Moved Permanently,Users 1-40,text,true,,789,180,43,43,http://anilpotula.blogspot.com/2019/10/auto-fill-date-in-excel-based-on-status.html,382,0,45
1593733805248,1379,HomePage-1,503,Service Unavailable,Users 1-40,text,false,,817,180,43,43,https://anilpotula.blogspot.com/2019/10/auto-fill-date-in-excel-based-on-status.html,1377,0,236
1593733803956,2681,HomePage,503,Service Unavailable,Users 1-22,text,false,Test failed: code expected to contain /200/,1606,360,43,43,https://anilpotula.blogspot.com/2019/10/auto-fill-date-in-excel-based-on-status.html,1276,0,44
1593733803956,1277,HomePage-0,301,Moved Permanently,Users 1-22,text,true,,789,180,43,43,http://anilpotula.blogspot.com/2019/10/auto-fill-date-in-excel-based-on-status.html,1276,0,44
1593733805234,1403,HomePage-1,503,Service Unavailable,Users 1-22,text,false,,817,180,43,43,https://anilpotula.blogspot.com/2019/10/auto-fill-date-in-excel-based-on-status.html,1403,0,249
1593733806358,280,HomePage,503,Service Unavailable,Users 1-67,text,false,Test failed: code expected to contain /200/,589,180,43,43,http://anilpotula.blogspot.com/2019/10/auto-fill-date-in-excel-based-on-status.html,280,0,46
1593733805418,1233,HomePage,503,Service Unavailable,Users 1-51,text,false,Test failed: code expected to contain /200/,589,180,43,43,http://anilpotula.blogspot.com/2019/10/auto-fill-date-in-excel-based-on-status.html,1232,0,67
1593733806374,282,HomePage,503,Service Unavailable,Users 1-69,text,false,Test failed: code expected to contain /200/,589,180,43,43,http://anilpotula.blogspot.com/2019/10/auto-fill-date-in-excel-based-on-status.html,282,0,45
1593733806425,236,HomePage,503,Service Unavailable,Users 1-47,text,false,Test failed: code expected to contain /200/,589,180,43,43,http://anilpotula.blogspot.com/2019/10/auto-fill-date-in-excel-based-on-status.html,234,0,0
1593733805473,1202,HomePage,503,Service Unavailable,Users 1-52,text,false,Test failed: code expected to contain /200/,589,180,43,43,http://anilpotula.blogspot.com/2019/10/auto-fill-date-in-excel-based-on-status.html,1201,0,49
1593733804969,1710,HomePage,503,Service Unavailable,Users 1-42,text,false,Test failed: code expected to contain /200/,1606,360,43,43,https://anilpotula.blogspot.com/2019/10/auto-fill-date-in-excel-based-on-status.html,345,0,44
1593733804969,345,HomePage-0,301,Moved Permanently,Users 1-42,text,true,,789,180,43,43,http://anilpotula.blogspot.com/2019/10/auto-fill-date-in-excel-based-on-status.html,345,0,44
1593733805315,1364,HomePage-1,503,Service Unavailable,Users 1-42,text,false,,817,180,43,43,https://anilpotula.blogspot.com/2019/10/auto-fill-date-in-excel-based-on-status.html,1363,0,215
1593733806455,232,HomePage,503,Service Unavailable,Users 1-36,text,false,Test failed: code expected to contain /200/,589,180,43,43,http://anilpotula.blogspot.com/2019/10/auto-fill-date-in-excel-based-on-status.html,232,0,0
1593733806466,238,HomePage,503,Service Unavailable,Users 1-37,text,false,Test failed: code expected to contain /200/,589,180,42,42,http://anilpotula.blogspot.com/2019/10/auto-fill-date-in-excel-based-on-status.html,238,0,0
1593733806495,236,HomePage,503,Service Unavailable,Users 1-39,text,false,Test failed: code expected to contain /200/,589,180,42,42,http://anilpotula.blogspot.com/2019/10/auto-fill-date-in-excel-based-on-status.html,234,0,0
1593733805518,1216,HomePage,503,Service Unavailable,Users 1-53,text,false,Test failed: code expected to contain /200/,589,180,42,42,http://anilpotula.blogspot.com/2019/10/auto-fill-date-in-excel-based-on-status.html,1216,0,52
1593733806507,236,HomePage,503,Service Unavailable,Users 1-38,text,false,Test failed: code expected to contain /200/,589,180,41,41,http://anilpotula.blogspot.com/2019/10/auto-fill-date-in-excel-based-on-status.html,234,0,0
1593733804106,2644,HomePage,503,Service Unavailable,Users 1-25,text,false,Test failed: code expected to contain /200/,1606,360,40,40,https://anilpotula.blogspot.com/2019/10/auto-fill-date-in-excel-based-on-status.html,1257,0,45
1593733804106,1257,HomePage-0,301,Moved Permanently,Users 1-25,text,true,,789,180,40,40,http://anilpotula.blogspot.com/2019/10/auto-fill-date-in-excel-based-on-status.html,1257,0,45
1593733805363,1387,HomePage-1,503,Service Unavailable,Users 1-25,text,false,,817,180,40,40,https://anilpotula.blogspot.com/2019/10/auto-fill-date-in-excel-based-on-status.html,1387,0,228
1593733806512,238,HomePage,503,Service Unavailable,Users 1-20,text,false,Test failed: code expected to contain /200/,589,180,40,40,http://anilpotula.blogspot.com/2019/10/auto-fill-date-in-excel-based-on-status.html,235,0,0
1593733806519,287,HomePage,503,Service Unavailable,Users 1-73,text,false,Test failed: code expected to contain /200/,589,180,40,40,http://anilpotula.blogspot.com/2019/10/auto-fill-date-in-excel-based-on-status.html,286,0,47
1593733805617,1218,HomePage,503,Service Unavailable,Users 1-55,text,false,Test failed: code expected to contain /200/,589,180,41,41,http://anilpotula.blogspot.com/2019/10/auto-fill-date-in-excel-based-on-status.html,1217,0,62
1593733806611,235,HomePage,503,Service Unavailable,Users 1-50,text,false,Test failed: code expected to contain /200/,589,180,41,41,http://anilpotula.blogspot.com/2019/10/auto-fill-date-in-excel-based-on-status.html,233,0,0
1593733804205,2647,HomePage,503,Service Unavailable,Users 1-27,text,false,Test failed: code expected to contain /200/,1606,360,40,40,https://anilpotula.blogspot.com/2019/10/auto-fill-date-in-excel-based-on-status.html,1283,0,47
1593733804205,1283,HomePage-0,301,Moved Permanently,Users 1-27,text,true,,789,180,40,40,http://anilpotula.blogspot.com/2019/10/auto-fill-date-in-excel-based-on-status.html,1283,0,47
1593733805488,1364,HomePage-1,503,Service Unavailable,Users 1-27,text,false,,817,180,40,40,https://anilpotula.blogspot.com/2019/10/auto-fill-date-in-excel-based-on-status.html,1362,0,208
1593733804155,2700,HomePage,503,Service Unavailable,Users 1-26,text,false,Test failed: code expected to contain /200/,1606,360,40,40,https://anilpotula.blogspot.com/2019/10/auto-fill-date-in-excel-based-on-status.html,1297,0,44
1593733804155,1297,HomePage-0,301,Moved Permanently,Users 1-26,text,true,,789,180,40,40,http://anilpotula.blogspot.com/2019/10/auto-fill-date-in-excel-based-on-status.html,1297,0,44
1593733805454,1401,HomePage-1,503,Service Unavailable,Users 1-26,text,false,,817,180,40,40,https://anilpotula.blogspot.com/2019/10/auto-fill-date-in-excel-based-on-status.html,1400,0,235
1593733806627,233,HomePage,503,Service Unavailable,Users 1-40,text,false,Test failed: code expected to contain /200/,589,180,40,40,http://anilpotula.blogspot.com/2019/10/auto-fill-date-in-excel-based-on-status.html,233,0,0
1593733806638,231,HomePage,503,Service Unavailable,Users 1-22,text,false,Test failed: code expected to contain /200/,589,180,40,40,http://anilpotula.blogspot.com/2019/10/auto-fill-date-in-excel-based-on-status.html,230,0,0
1593733806652,232,HomePage,503,Service Unavailable,Users 1-51,text,false,Test failed: code expected to contain /200/,589,180,39,39,http://anilpotula.blogspot.com/2019/10/auto-fill-date-in-excel-based-on-status.html,232,0,0
1593733805667,1227,HomePage,503,Service Unavailable,Users 1-56,text,false,Test failed: code expected to contain /200/,589,180,38,38,http://anilpotula.blogspot.com/2019/10/auto-fill-date-in-excel-based-on-status.html,1227,0,54
1593733806676,230,HomePage,503,Service Unavailable,Users 1-52,text,false,Test failed: code expected to contain /200/,589,180,38,38,http://anilpotula.blogspot.com/2019/10/auto-fill-date-in-excel-based-on-status.html,229,0,0
1593733806680,235,HomePage,503,Service Unavailable,Users 1-42,text,false,Test failed: code expected to contain /200/,589,180,37,37,http://anilpotula.blogspot.com/2019/10/auto-fill-date-in-excel-based-on-status.html,235,0,0
1593733805717,1223,HomePage,503,Service Unavailable,Users 1-57,text,false,Test failed: code expected to contain /200/,589,180,36,36,http://anilpotula.blogspot.com/2019/10/auto-fill-date-in-excel-based-on-status.html,1223,0,58
1593733806735,239,HomePage,503,Service Unavailable,Users 1-53,text,false,Test failed: code expected to contain /200/,589,180,38,38,http://anilpotula.blogspot.com/2019/10/auto-fill-date-in-excel-based-on-status.html,239,0,0
1593733806751,232,HomePage,503,Service Unavailable,Users 1-25,text,false,Test failed: code expected to contain /200/,589,180,37,37,http://anilpotula.blogspot.com/2019/10/auto-fill-date-in-excel-based-on-status.html,230,0,0
1593733806100,892,HomePage,503,Service Unavailable,Users 1-58,text,false,Test failed: code expected to contain /200/,589,180,36,36,http://anilpotula.blogspot.com/2019/10/auto-fill-date-in-excel-based-on-status.html,891,0,0
1593733805268,1736,HomePage,503,Service Unavailable,Users 1-48,text,false,Test failed: code expected to contain /200/,1606,360,35,35,https://anilpotula.blogspot.com/2019/10/auto-fill-date-in-excel-based-on-status.html,326,0,45
1593733805268,326,HomePage-0,301,Moved Permanently,Users 1-48,text,true,,789,180,35,35,http://anilpotula.blogspot.com/2019/10/auto-fill-date-in-excel-based-on-status.html,326,0,45
1593733805595,1409,HomePage-1,503,Service Unavailable,Users 1-48,text,false,,817,180,35,35,https://anilpotula.blogspot.com/2019/10/auto-fill-date-in-excel-based-on-status.html,1409,0,240
1593733804263,2742,HomePage,503,Service Unavailable,Users 1-28,text,false,Test failed: code expected to contain /200/,1606,360,35,35,https://anilpotula.blogspot.com/2019/10/auto-fill-date-in-excel-based-on-status.html,1307,0,54
1593733804263,1307,HomePage-0,301,Moved Permanently,Users 1-28,text,true,,789,180,35,35,http://anilpotula.blogspot.com/2019/10/auto-fill-date-in-excel-based-on-status.html,1307,0,54
1593733805570,1435,HomePage-1,503,Service Unavailable,Users 1-28,text,false,,817,180,35,35,https://anilpotula.blogspot.com/2019/10/auto-fill-date-in-excel-based-on-status.html,1435,0,277
1593733805317,1702,HomePage,503,Service Unavailable,Users 1-49,text,false,Test failed: code expected to contain /200/,1606,360,35,35,https://anilpotula.blogspot.com/2019/10/auto-fill-date-in-excel-based-on-status.html,332,0,48
1593733805317,332,HomePage-0,301,Moved Permanently,Users 1-49,text,true,,789,180,35,35,http://anilpotula.blogspot.com/2019/10/auto-fill-date-in-excel-based-on-status.html,332,0,48
1593733805650,1369,HomePage-1,503,Service Unavailable,Users 1-49,text,false,,817,180,35,35,https://anilpotula.blogspot.com/2019/10/auto-fill-date-in-excel-based-on-status.html,1367,0,205
1593733805817,1234,HomePage,503,Service Unavailable,Users 1-59,text,false,Test failed: code expected to contain /200/,589,180,36,36,http://anilpotula.blogspot.com/2019/10/auto-fill-date-in-excel-based-on-status.html,1234,0,49
1593733805868,1197,HomePage,503,Service Unavailable,Users 1-60,text,false,Test failed: code expected to contain /200/,589,180,36,36,http://anilpotula.blogspot.com/2019/10/auto-fill-date-in-excel-based-on-status.html,1197,0,54
1593733806836,237,HomePage,503,Service Unavailable,Users 1-55,text,false,Test failed: code expected to contain /200/,589,180,37,37,http://anilpotula.blogspot.com/2019/10/auto-fill-date-in-excel-based-on-status.html,235,0,0
1593733804461,2612,HomePage,503,Service Unavailable,Users 1-32,text,false,Test failed: code expected to contain /200/,1606,360,37,37,https://anilpotula.blogspot.com/2019/10/auto-fill-date-in-excel-based-on-status.html,1267,0,43
1593733804461,1267,HomePage-0,301,Moved Permanently,Users 1-32,text,true,,789,180,37,37,http://anilpotula.blogspot.com/2019/10/auto-fill-date-in-excel-based-on-status.html,1267,0,43
1593733805728,1345,HomePage-1,503,Service Unavailable,Users 1-32,text,false,,817,180,37,37,https://anilpotula.blogspot.com/2019/10/auto-fill-date-in-excel-based-on-status.html,1345,0,202
1593733806853,236,HomePage,503,Service Unavailable,Users 1-27,text,false,Test failed: code expected to contain /200/,589,180,36,36,http://anilpotula.blogspot.com/2019/10/auto-fill-date-in-excel-based-on-status.html,235,0,0
1593733806856,240,HomePage,503,Service Unavailable,Users 1-26,text,false,Test failed: code expected to contain /200/,589,180,35,35,http://anilpotula.blogspot.com/2019/10/auto-fill-date-in-excel-based-on-status.html,237,0,0
1593733806895,233,HomePage,503,Service Unavailable,Users 1-56,text,false,Test failed: code expected to contain /200/,589,180,35,35,http://anilpotula.blogspot.com/2019/10/auto-fill-date-in-excel-based-on-status.html,232,0,0
1593733805940,1204,HomePage,503,Service Unavailable,Users 1-61,text,false,Test failed: code expected to contain /200/,589,180,34,34,http://anilpotula.blogspot.com/2019/10/auto-fill-date-in-excel-based-on-status.html,1203,0,45
1593733806867,285,HomePage,503,Service Unavailable,Users 1-80,text,false,Test failed: code expected to contain /200/,589,180,34,34,http://anilpotula.blogspot.com/2019/10/auto-fill-date-in-excel-based-on-status.html,285,0,52
1593733806941,235,HomePage,503,Service Unavailable,Users 1-57,text,false,Test failed: code expected to contain /200/,589,180,35,35,http://anilpotula.blogspot.com/2019/10/auto-fill-date-in-excel-based-on-status.html,232,0,0
1593733804605,2621,HomePage,503,Service Unavailable,Users 1-35,text,false,Test failed: code expected to contain /200/,1606,360,35,35,https://anilpotula.blogspot.com/2019/10/auto-fill-date-in-excel-based-on-status.html,1273,0,53
1593733804605,1273,HomePage-0,301,Moved Permanently,Users 1-35,text,true,,789,180,35,35,http://anilpotula.blogspot.com/2019/10/auto-fill-date-in-excel-based-on-status.html,1273,0,53
1593733806011,1215,HomePage,503,Service Unavailable,Users 1-62,text,false,Test failed: code expected to contain /200/,589,180,35,35,http://anilpotula.blogspot.com/2019/10/auto-fill-date-in-excel-based-on-status.html,1215,0,55
1593733805879,1347,HomePage-1,503,Service Unavailable,Users 1-35,text,false,,817,180,35,35,https://anilpotula.blogspot.com/2019/10/auto-fill-date-in-excel-based-on-status.html,1346,0,193
1593733807005,229,HomePage,503,Service Unavailable,Users 1-48,text,false,Test failed: code expected to contain /200/,589,180,35,35,http://anilpotula.blogspot.com/2019/10/auto-fill-date-in-excel-based-on-status.html,228,0,0
1593733807005,234,HomePage,503,Service Unavailable,Users 1-28,text,false,Test failed: code expected to contain /200/,589,180,34,34,http://anilpotula.blogspot.com/2019/10/auto-fill-date-in-excel-based-on-status.html,233,0,0
1593733806969,285,HomePage,503,Service Unavailable,Users 1-82,text,false,Test failed: code expected to contain /200/,589,180,33,33,http://anilpotula.blogspot.com/2019/10/auto-fill-date-in-excel-based-on-status.html,285,0,44
1593733807020,234,HomePage,503,Service Unavailable,Users 1-49,text,false,Test failed: code expected to contain /200/,589,180,33,33,http://anilpotula.blogspot.com/2019/10/auto-fill-date-in-excel-based-on-status.html,233,0,0
1593733806038,1234,HomePage,503,Service Unavailable,Users 1-63,text,false,Test failed: code expected to contain /200/,589,180,33,33,http://anilpotula.blogspot.com/2019/10/auto-fill-date-in-excel-based-on-status.html,1231,0,79
1593733807066,233,HomePage,503,Service Unavailable,Users 1-60,text,false,Test failed: code expected to contain /200/,589,180,33,33,http://anilpotula.blogspot.com/2019/10/auto-fill-date-in-excel-based-on-status.html,228,0,0
1593733807074,234,HomePage,503,Service Unavailable,Users 1-32,text,false,Test failed: code expected to contain /200/,589,180,32,32,http://anilpotula.blogspot.com/2019/10/auto-fill-date-in-excel-based-on-status.html,234,0,0
1593733806409,911,HomePage,503,Service Unavailable,Users 1-64,text,false,Test failed: code expected to contain /200/,589,180,32,32,http://anilpotula.blogspot.com/2019/10/auto-fill-date-in-excel-based-on-status.html,911,0,0
1593733805568,1760,HomePage,503,Service Unavailable,Users 1-54,text,false,Test failed: code expected to contain /200/,1606,360,31,31,https://anilpotula.blogspot.com/2019/10/auto-fill-date-in-excel-based-on-status.html,390,0,65
1593733805568,390,HomePage-0,301,Moved Permanently,Users 1-54,text,true,,789,180,31,31,http://anilpotula.blogspot.com/2019/10/auto-fill-date-in-excel-based-on-status.html,390,0,65
1593733805959,1369,HomePage-1,503,Service Unavailable,Users 1-54,text,false,,817,180,31,31,https://anilpotula.blogspot.com/2019/10/auto-fill-date-in-excel-based-on-status.html,1367,0,206
1593733807145,240,HomePage,503,Service Unavailable,Users 1-61,text,false,Test failed: code expected to contain /200/,589,180,32,32,http://anilpotula.blogspot.com/2019/10/auto-fill-date-in-excel-based-on-status.html,240,0,0
1593733806161,1233,HomePage,503,Service Unavailable,Users 1-65,text,false,Test failed: code expected to contain /200/,589,180,31,31,http://anilpotula.blogspot.com/2019/10/auto-fill-date-in-excel-based-on-status.html,1230,0,62
1593733806672,731,HomePage,503,Service Unavailable,Users 1-76,text,false,Test failed: code expected to contain /200/,589,180,31,31,http://anilpotula.blogspot.com/2019/10/auto-fill-date-in-excel-based-on-status.html,729,0,46
1593733807227,233,HomePage,503,Service Unavailable,Users 1-35,text,false,Test failed: code expected to contain /200/,589,180,32,32,http://anilpotula.blogspot.com/2019/10/auto-fill-date-in-excel-based-on-status.html,233,0,0
1593733807227,233,HomePage,503,Service Unavailable,Users 1-62,text,false,Test failed: code expected to contain /200/,589,180,32,32,http://anilpotula.blogspot.com/2019/10/auto-fill-date-in-excel-based-on-status.html,233,0,0
1593733807222,282,HomePage,503,Service Unavailable,Users 1-87,text,false,Test failed: code expected to contain /200/,589,180,31,31,http://anilpotula.blogspot.com/2019/10/auto-fill-date-in-excel-based-on-status.html,280,0,45
1593733807272,236,HomePage,503,Service Unavailable,Users 1-63,text,false,Test failed: code expected to contain /200/,589,180,31,31,http://anilpotula.blogspot.com/2019/10/auto-fill-date-in-excel-based-on-status.html,236,0,0
1593733806570,952,HomePage,503,Service Unavailable,Users 1-66,text,false,Test failed: code expected to contain /200/,589,180,30,30,http://anilpotula.blogspot.com/2019/10/auto-fill-date-in-excel-based-on-status.html,952,0,0
1593733806639,923,HomePage,503,Service Unavailable,Users 1-67,text,false,Test failed: code expected to contain /200/,589,180,30,30,http://anilpotula.blogspot.com/2019/10/auto-fill-date-in-excel-based-on-status.html,923,0,0
1593733807329,233,HomePage,503,Service Unavailable,Users 1-54,text,false,Test failed: code expected to contain /200/,589,180,30,30,http://anilpotula.blogspot.com/2019/10/auto-fill-date-in-excel-based-on-status.html,233,0,0
1593733806368,1197,HomePage,503,Service Unavailable,Users 1-68,text,false,Test failed: code expected to contain /200/,589,180,28,28,http://anilpotula.blogspot.com/2019/10/auto-fill-date-in-excel-based-on-status.html,1197,0,46
1593733806469,1100,HomePage,503,Service Unavailable,Users 1-72,text,false,Test failed: code expected to contain /200/,589,180,28,28,http://anilpotula.blogspot.com/2019/10/auto-fill-date-in-excel-based-on-status.html,1100,0,45
1593733806385,1199,HomePage,503,Service Unavailable,Users 1-70,text,false,Test failed: code expected to contain /200/,589,180,29,29,http://anilpotula.blogspot.com/2019/10/auto-fill-date-in-excel-based-on-status.html,1199,0,49
1593733806657,927,HomePage,503,Service Unavailable,Users 1-69,text,false,Test failed: code expected to contain /200/,589,180,29,29,http://anilpotula.blogspot.com/2019/10/auto-fill-date-in-excel-based-on-status.html,925,0,0
1593733806422,1209,HomePage,503,Service Unavailable,Users 1-71,text,false,Test failed: code expected to contain /200/,589,180,29,29,http://anilpotula.blogspot.com/2019/10/auto-fill-date-in-excel-based-on-status.html,1209,0,48
1593733807368,276,HomePage,503,Service Unavailable,Users 1-90,text,false,Test failed: code expected to contain /200/,589,180,29,29,http://anilpotula.blogspot.com/2019/10/auto-fill-date-in-excel-based-on-status.html,276,0,43
1593733806806,948,HomePage,503,Service Unavailable,Users 1-73,text,false,Test failed: code expected to contain /200/,589,180,31,31,http://anilpotula.blogspot.com/2019/10/auto-fill-date-in-excel-based-on-status.html,946,0,0
1593733806571,1223,HomePage,503,Service Unavailable,Users 1-74,text,false,Test failed: code expected to contain /200/,589,180,31,31,http://anilpotula.blogspot.com/2019/10/auto-fill-date-in-excel-based-on-status.html,1223,0,47
1593733807566,233,HomePage,503,Service Unavailable,Users 1-68,text,false,Test failed: code expected to contain /200/,589,180,31,31,http://anilpotula.blogspot.com/2019/10/auto-fill-date-in-excel-based-on-status.html,233,0,0
1593733806621,1191,HomePage,503,Service Unavailable,Users 1-75,text,false,Test failed: code expected to contain /200/,589,180,30,30,http://anilpotula.blogspot.com/2019/10/auto-fill-date-in-excel-based-on-status.html,1191,0,45
1593733807585,232,HomePage,503,Service Unavailable,Users 1-70,text,false,Test failed: code expected to contain /200/,589,180,31,31,http://anilpotula.blogspot.com/2019/10/auto-fill-date-in-excel-based-on-status.html,232,0,0
1593733807632,237,HomePage,503,Service Unavailable,Users 1-71,text,false,Test failed: code expected to contain /200/,589,180,31,31,http://anilpotula.blogspot.com/2019/10/auto-fill-date-in-excel-based-on-status.html,237,0,0
1593733807622,278,HomePage,503,Service Unavailable,Users 1-95,text,false,Test failed: code expected to contain /200/,589,180,30,30,http://anilpotula.blogspot.com/2019/10/auto-fill-date-in-excel-based-on-status.html,278,0,45
1593733806725,1204,HomePage,503,Service Unavailable,Users 1-77,text,false,Test failed: code expected to contain /200/,589,180,30,30,http://anilpotula.blogspot.com/2019/10/auto-fill-date-in-excel-based-on-status.html,1204,0,44
1593733807669,283,HomePage,503,Service Unavailable,Users 1-96,text,false,Test failed: code expected to contain /200/,589,180,30,30,http://anilpotula.blogspot.com/2019/10/auto-fill-date-in-excel-based-on-status.html,281,0,48
1593733806770,1200,HomePage,503,Service Unavailable,Users 1-78,text,false,Test failed: code expected to contain /200/,589,180,30,30,http://anilpotula.blogspot.com/2019/10/auto-fill-date-in-excel-based-on-status.html,1200,0,48
1593733806822,1205,HomePage,503,Service Unavailable,Users 1-79,text,false,Test failed: code expected to contain /200/,589,180,30,30,http://anilpotula.blogspot.com/2019/10/auto-fill-date-in-excel-based-on-status.html,1204,0,46
1593733807795,237,HomePage,503,Service Unavailable,Users 1-74,text,false,Test failed: code expected to contain /200/,589,180,30,30,http://anilpotula.blogspot.com/2019/10/auto-fill-date-in-excel-based-on-status.html,236,0,0
1593733807813,235,HomePage,503,Service Unavailable,Users 1-75,text,false,Test failed: code expected to contain /200/,589,180,29,29,http://anilpotula.blogspot.com/2019/10/auto-fill-date-in-excel-based-on-status.html,231,0,0
1593733807770,281,HomePage,503,Service Unavailable,Users 1-98,text,false,Test failed: code expected to contain /200/,589,180,29,29,http://anilpotula.blogspot.com/2019/10/auto-fill-date-in-excel-based-on-status.html,281,0,45
1593733807152,922,HomePage,503,Service Unavailable,Users 1-80,text,false,Test failed: code expected to contain /200/,589,180,28,28,http://anilpotula.blogspot.com/2019/10/auto-fill-date-in-excel-based-on-status.html,922,0,0
1593733807395,690,HomePage,503,Service Unavailable,Users 1-65,text,false,Test failed: code expected to contain /200/,589,180,27,27,http://anilpotula.blogspot.com/2019/10/auto-fill-date-in-excel-based-on-status.html,688,0,0
1593733807820,284,HomePage,503,Service Unavailable,Users 1-99,text,false,Test failed: code expected to contain /200/,589,180,26,26,http://anilpotula.blogspot.com/2019/10/auto-fill-date-in-excel-based-on-status.html,284,0,49
1593733806944,1194,HomePage,503,Service Unavailable,Users 1-81,text,false,Test failed: code expected to contain /200/,589,180,26,26,http://anilpotula.blogspot.com/2019/10/auto-fill-date-in-excel-based-on-status.html,1192,0,46
1593733807867,283,HomePage,503,Service Unavailable,Users 1-100,text,false,Test failed: code expected to contain /200/,589,180,26,26,http://anilpotula.blogspot.com/2019/10/auto-fill-date-in-excel-based-on-status.html,282,0,51
1593733807255,912,HomePage,503,Service Unavailable,Users 1-82,text,false,Test failed: code expected to contain /200/,589,180,26,26,http://anilpotula.blogspot.com/2019/10/auto-fill-date-in-excel-based-on-status.html,911,0,0
1593733807935,233,HomePage,503,Service Unavailable,Users 1-77,text,false,Test failed: code expected to contain /200/,589,180,26,26,http://anilpotula.blogspot.com/2019/10/auto-fill-date-in-excel-based-on-status.html,233,0,0
1593733807971,233,HomePage,503,Service Unavailable,Users 1-78,text,false,Test failed: code expected to contain /200/,589,180,24,24,http://anilpotula.blogspot.com/2019/10/auto-fill-date-in-excel-based-on-status.html,231,0,0
1593733807025,1209,HomePage,503,Service Unavailable,Users 1-83,text,false,Test failed: code expected to contain /200/,589,180,23,23,http://anilpotula.blogspot.com/2019/10/auto-fill-date-in-excel-based-on-status.html,1208,0,45
1593733808028,258,HomePage,503,Service Unavailable,Users 1-79,text,false,Test failed: code expected to contain /200/,589,180,23,23,http://anilpotula.blogspot.com/2019/10/auto-fill-date-in-excel-based-on-status.html,257,0,0
1593733807069,1218,HomePage,503,Service Unavailable,Users 1-84,text,false,Test failed: code expected to contain /200/,589,180,23,23,http://anilpotula.blogspot.com/2019/10/auto-fill-date-in-excel-based-on-status.html,1218,0,52
1593733807119,1211,HomePage,503,Service Unavailable,Users 1-85,text,false,Test failed: code expected to contain /200/,589,180,22,22,http://anilpotula.blogspot.com/2019/10/auto-fill-date-in-excel-based-on-status.html,1210,0,45
1593733808138,240,HomePage,503,Service Unavailable,Users 1-81,text,false,Test failed: code expected to contain /200/,589,180,22,22,http://anilpotula.blogspot.com/2019/10/auto-fill-date-in-excel-based-on-status.html,235,0,0
1593733807170,1213,HomePage,503,Service Unavailable,Users 1-86,text,false,Test failed: code expected to contain /200/,589,180,21,21,http://anilpotula.blogspot.com/2019/10/auto-fill-date-in-excel-based-on-status.html,1212,0,45
1593733807505,958,HomePage,503,Service Unavailable,Users 1-87,text,false,Test failed: code expected to contain /200/,589,180,21,21,http://anilpotula.blogspot.com/2019/10/auto-fill-date-in-excel-based-on-status.html,957,0,0
1593733808237,230,HomePage,503,Service Unavailable,Users 1-83,text,false,Test failed: code expected to contain /200/,589,180,20,20,http://anilpotula.blogspot.com/2019/10/auto-fill-date-in-excel-based-on-status.html,229,0,0
1593733807269,1217,HomePage,503,Service Unavailable,Users 1-88,text,false,Test failed: code expected to contain /200/,589,180,19,19,http://anilpotula.blogspot.com/2019/10/auto-fill-date-in-excel-based-on-status.html,1215,0,47
1593733808288,231,HomePage,503,Service Unavailable,Users 1-84,text,false,Test failed: code expected to contain /200/,589,180,19,19,http://anilpotula.blogspot.com/2019/10/auto-fill-date-in-excel-based-on-status.html,230,0,0
1593733807323,1205,HomePage,503,Service Unavailable,Users 1-89,text,false,Test failed: code expected to contain /200/,589,180,18,18,http://anilpotula.blogspot.com/2019/10/auto-fill-date-in-excel-based-on-status.html,1204,0,47
1593733807404,1149,HomePage,503,Service Unavailable,Users 1-76,text,false,Test failed: code expected to contain /200/,589,180,18,18,http://anilpotula.blogspot.com/2019/10/auto-fill-date-in-excel-based-on-status.html,1149,0,0
1593733807645,912,HomePage,503,Service Unavailable,Users 1-90,text,false,Test failed: code expected to contain /200/,589,180,17,17,http://anilpotula.blogspot.com/2019/10/auto-fill-date-in-excel-based-on-status.html,912,0,0
1593733807529,1201,HomePage,503,Service Unavailable,Users 1-93,text,false,Test failed: code expected to contain /200/,589,180,16,16,http://anilpotula.blogspot.com/2019/10/auto-fill-date-in-excel-based-on-status.html,1198,0,49
1593733807051,1746,HomePage,200,OK,Users 1-59,text,false,Tidy Parser errors:   9 (allowed 8) Tidy Parser warnings: 17 (allowed 80),21500,360,16,16,https://anilpotula.blogspot.com/2019/10/auto-fill-date-in-excel-based-on-status.html,305,0,0
1593733807051,305,HomePage-0,301,Moved Permanently,Users 1-59,text,true,,789,180,16,16,http://anilpotula.blogspot.com/2019/10/auto-fill-date-in-excel-based-on-status.html,305,0,0
1593733807356,1441,HomePage-1,200,OK,Users 1-59,text,true,,20711,180,16,16,https://anilpotula.blogspot.com/2019/10/auto-fill-date-in-excel-based-on-status.html,1387,0,186
1593733808105,913,HomePage,503,Service Unavailable,Users 1-99,text,false,Test failed: code expected to contain /200/,589,180,15,15,http://anilpotula.blogspot.com/2019/10/auto-fill-date-in-excel-based-on-status.html,913,0,0
1593733808332,718,HomePage,503,Service Unavailable,Users 1-85,text,false,Test failed: code expected to contain /200/,1606,360,14,14,https://anilpotula.blogspot.com/2019/10/auto-fill-date-in-excel-based-on-status.html,289,0,0
1593733808332,289,HomePage-0,301,Moved Permanently,Users 1-85,text,true,,789,180,14,14,http://anilpotula.blogspot.com/2019/10/auto-fill-date-in-excel-based-on-status.html,289,0,0
1593733808622,428,HomePage-1,503,Service Unavailable,Users 1-85,text,false,,817,180,14,14,https://anilpotula.blogspot.com/2019/10/auto-fill-date-in-excel-based-on-status.html,428,0,195
1593733808384,803,HomePage,200,OK,Users 1-86,text,false,Tidy Parser errors:   9 (allowed 8) Tidy Parser warnings: 17 (allowed 80),21500,360,13,13,https://anilpotula.blogspot.com/2019/10/auto-fill-date-in-excel-based-on-status.html,287,0,0
1593733808384,287,HomePage-0,301,Moved Permanently,Users 1-86,text,true,,789,180,13,13,http://anilpotula.blogspot.com/2019/10/auto-fill-date-in-excel-based-on-status.html,287,0,0
1593733808671,516,HomePage-1,200,OK,Users 1-86,text,true,,20711,180,13,13,https://anilpotula.blogspot.com/2019/10/auto-fill-date-in-excel-based-on-status.html,458,0,189
1593733807422,2702,HomePage,200,OK,Users 1-91,text,false,Tidy Parser errors:   9 (allowed 8) Tidy Parser warnings: 17 (allowed 80),21500,360,12,12,https://anilpotula.blogspot.com/2019/10/auto-fill-date-in-excel-based-on-status.html,1246,0,44
1593733807422,1246,HomePage-0,301,Moved Permanently,Users 1-91,text,true,,789,180,12,12,http://anilpotula.blogspot.com/2019/10/auto-fill-date-in-excel-based-on-status.html,1246,0,44
1593733808670,1454,HomePage-1,200,OK,Users 1-91,text,true,,20711,180,12,12,https://anilpotula.blogspot.com/2019/10/auto-fill-date-in-excel-based-on-status.html,1394,0,212
1593733807470,2721,HomePage,200,OK,Users 1-92,text,false,Tidy Parser errors:   9 (allowed 8) Tidy Parser warnings: 17 (allowed 80),21500,360,12,12,https://anilpotula.blogspot.com/2019/10/auto-fill-date-in-excel-based-on-status.html,1263,0,46
1593733807470,1263,HomePage-0,301,Moved Permanently,Users 1-92,text,true,,789,180,12,12,http://anilpotula.blogspot.com/2019/10/auto-fill-date-in-excel-based-on-status.html,1263,0,46
1593733808734,1457,HomePage-1,200,OK,Users 1-92,text,true,,20711,180,12,12,https://anilpotula.blogspot.com/2019/10/auto-fill-date-in-excel-based-on-status.html,1399,0,201
1593733808487,1751,HomePage,200,OK,Users 1-88,text,false,Tidy Parser errors:   9 (allowed 8) Tidy Parser warnings: 17 (allowed 80),21500,360,12,12,https://anilpotula.blogspot.com/2019/10/auto-fill-date-in-excel-based-on-status.html,280,0,0
1593733808487,280,HomePage-0,301,Moved Permanently,Users 1-88,text,true,,789,180,12,12,http://anilpotula.blogspot.com/2019/10/auto-fill-date-in-excel-based-on-status.html,280,0,0
1593733808768,1470,HomePage-1,200,OK,Users 1-88,text,true,,20711,180,12,12,https://anilpotula.blogspot.com/2019/10/auto-fill-date-in-excel-based-on-status.html,1421,0,214
1593733807901,2411,HomePage,200,OK,Users 1-95,text,false,Tidy Parser errors:   9 (allowed 8) Tidy Parser warnings: 17 (allowed 80),21500,360,11,11,https://anilpotula.blogspot.com/2019/10/auto-fill-date-in-excel-based-on-status.html,982,0,0
1593733807901,982,HomePage-0,301,Moved Permanently,Users 1-95,text,true,,789,180,11,11,http://anilpotula.blogspot.com/2019/10/auto-fill-date-in-excel-based-on-status.html,982,0,0
1593733808884,1428,HomePage-1,200,OK,Users 1-95,text,true,,20711,180,11,11,https://anilpotula.blogspot.com/2019/10/auto-fill-date-in-excel-based-on-status.html,1377,0,193
1593733807573,2739,HomePage,200,OK,Users 1-94,text,false,Tidy Parser errors:   9 (allowed 8) Tidy Parser warnings: 17 (allowed 80),21500,360,11,11,https://anilpotula.blogspot.com/2019/10/auto-fill-date-in-excel-based-on-status.html,1250,0,47
1593733807573,1250,HomePage-0,301,Moved Permanently,Users 1-94,text,true,,789,180,11,11,http://anilpotula.blogspot.com/2019/10/auto-fill-date-in-excel-based-on-status.html,1250,0,47
1593733808823,1489,HomePage-1,200,OK,Users 1-94,text,true,,20711,180,11,11,https://anilpotula.blogspot.com/2019/10/auto-fill-date-in-excel-based-on-status.html,1440,0,246
1593733807570,2757,HomePage,200,OK,Users 1-72,text,false,Tidy Parser errors:   9 (allowed 8) Tidy Parser warnings: 17 (allowed 80),21500,360,10,10,https://anilpotula.blogspot.com/2019/10/auto-fill-date-in-excel-based-on-status.html,1253,0,0
1593733807570,1254,HomePage-0,301,Moved Permanently,Users 1-72,text,true,,789,180,10,10,http://anilpotula.blogspot.com/2019/10/auto-fill-date-in-excel-based-on-status.html,1253,0,0
1593733808825,1502,HomePage-1,200,OK,Users 1-72,text,true,,20711,180,10,10,https://anilpotula.blogspot.com/2019/10/auto-fill-date-in-excel-based-on-status.html,1445,0,243
1593733808529,1801,HomePage,200,OK,Users 1-89,text,false,Tidy Parser errors:   9 (allowed 8) Tidy Parser warnings: 17 (allowed 80),21500,360,10,10,https://anilpotula.blogspot.com/2019/10/auto-fill-date-in-excel-based-on-status.html,291,0,0
1593733808529,291,HomePage-0,301,Moved Permanently,Users 1-89,text,true,,789,180,10,10,http://anilpotula.blogspot.com/2019/10/auto-fill-date-in-excel-based-on-status.html,291,0,0
1593733808820,1510,HomePage-1,200,OK,Users 1-89,text,true,,20711,180,10,10,https://anilpotula.blogspot.com/2019/10/auto-fill-date-in-excel-based-on-status.html,1460,0,249
1593733808053,2424,HomePage,200,OK,Users 1-98,text,false,Tidy Parser errors:   9 (allowed 8) Tidy Parser warnings: 17 (allowed 80),21500,360,8,8,https://anilpotula.blogspot.com/2019/10/auto-fill-date-in-excel-based-on-status.html,1014,0,0
1593733808053,1014,HomePage-0,301,Moved Permanently,Users 1-98,text,true,,789,180,8,8,http://anilpotula.blogspot.com/2019/10/auto-fill-date-in-excel-based-on-status.html,1014,0,0
1593733809072,1405,HomePage-1,200,OK,Users 1-98,text,true,,20711,180,8,8,https://anilpotula.blogspot.com/2019/10/auto-fill-date-in-excel-based-on-status.html,1348,0,185
1593733807720,2766,HomePage,200,OK,Users 1-97,text,false,Tidy Parser errors:   9 (allowed 8) Tidy Parser warnings: 17 (allowed 80),21500,360,7,7,https://anilpotula.blogspot.com/2019/10/auto-fill-date-in-excel-based-on-status.html,1286,0,45
1593733807720,1286,HomePage-0,301,Moved Permanently,Users 1-97,text,true,,789,180,7,7,http://anilpotula.blogspot.com/2019/10/auto-fill-date-in-excel-based-on-status.html,1286,0,45
1593733809007,1479,HomePage-1,200,OK,Users 1-97,text,true,,20711,180,7,7,https://anilpotula.blogspot.com/2019/10/auto-fill-date-in-excel-based-on-status.html,1424,0,233
1593733807953,2539,HomePage,200,OK,Users 1-96,text,false,Tidy Parser errors:   9 (allowed 8) Tidy Parser warnings: 17 (allowed 80),21500,360,7,7,https://anilpotula.blogspot.com/2019/10/auto-fill-date-in-excel-based-on-status.html,1057,0,0
1593733807953,1057,HomePage-0,301,Moved Permanently,Users 1-96,text,true,,789,180,7,7,http://anilpotula.blogspot.com/2019/10/auto-fill-date-in-excel-based-on-status.html,1057,0,0
1593733809013,1479,HomePage-1,200,OK,Users 1-96,text,true,,20711,180,7,7,https://anilpotula.blogspot.com/2019/10/auto-fill-date-in-excel-based-on-status.html,1433,0,227
1593733808732,1784,HomePage,200,OK,Users 1-93,text,false,Tidy Parser errors:   9 (allowed 8) Tidy Parser warnings: 17 (allowed 80),21500,360,6,6,https://anilpotula.blogspot.com/2019/10/auto-fill-date-in-excel-based-on-status.html,283,0,0
1593733808732,283,HomePage-0,301,Moved Permanently,Users 1-93,text,true,,789,180,6,6,http://anilpotula.blogspot.com/2019/10/auto-fill-date-in-excel-based-on-status.html,283,0,0
1593733809016,1500,HomePage-1,200,OK,Users 1-93,text,true,,20711,180,6,6,https://anilpotula.blogspot.com/2019/10/auto-fill-date-in-excel-based-on-status.html,1454,0,224
1593733808151,2854,HomePage,200,OK,Users 1-100,text,false,Tidy Parser errors:   9 (allowed 8) Tidy Parser warnings: 17 (allowed 80),21500,360,5,5,https://anilpotula.blogspot.com/2019/10/auto-fill-date-in-excel-based-on-status.html,985,0,0
1593733808151,985,HomePage-0,301,Moved Permanently,Users 1-100,text,true,,789,180,5,5,http://anilpotula.blogspot.com/2019/10/auto-fill-date-in-excel-based-on-status.html,985,0,0
1593733809137,1868,HomePage-1,200,OK,Users 1-100,text,true,,20711,180,5,5,https://anilpotula.blogspot.com/2019/10/auto-fill-date-in-excel-based-on-status.html,1562,0,216
1593733810193,834,HomePage,200,OK,Users 1-92,text,false,Tidy Parser errors:   9 (allowed 8) Tidy Parser warnings: 17 (allowed 80),21500,360,4,4,https://anilpotula.blogspot.com/2019/10/auto-fill-date-in-excel-based-on-status.html,303,0,0
1593733810126,903,HomePage,200,OK,Users 1-91,text,false,Tidy Parser errors:   9 (allowed 8) Tidy Parser warnings: 17 (allowed 80),21500,360,4,4,https://anilpotula.blogspot.com/2019/10/auto-fill-date-in-excel-based-on-status.html,305,0,0
1593733810193,304,HomePage-0,301,Moved Permanently,Users 1-92,text,true,,789,180,4,4,http://anilpotula.blogspot.com/2019/10/auto-fill-date-in-excel-based-on-status.html,303,0,0
1593733810126,305,HomePage-0,301,Moved Permanently,Users 1-91,text,true,,789,180,4,4,http://anilpotula.blogspot.com/2019/10/auto-fill-date-in-excel-based-on-status.html,305,0,0
1593733810496,531,HomePage-1,200,OK,Users 1-92,text,true,,20711,180,4,4,https://anilpotula.blogspot.com/2019/10/auto-fill-date-in-excel-based-on-status.html,480,0,0
1593733810432,597,HomePage-1,200,OK,Users 1-91,text,true,,20711,180,4,4,https://anilpotula.blogspot.com/2019/10/auto-fill-date-in-excel-based-on-status.html,541,0,0
1593733810315,931,HomePage,200,OK,Users 1-94,text,false,Tidy Parser errors:   9 (allowed 8) Tidy Parser warnings: 17 (allowed 80),21500,360,2,2,https://anilpotula.blogspot.com/2019/10/auto-fill-date-in-excel-based-on-status.html,599,0,0
1593733810315,599,HomePage-0,301,Moved Permanently,Users 1-94,text,true,,789,180,2,2,http://anilpotula.blogspot.com/2019/10/auto-fill-date-in-excel-based-on-status.html,599,0,0
1593733810913,333,HomePage-1,200,OK,Users 1-94,text,true,,20711,180,2,2,https://anilpotula.blogspot.com/2019/10/auto-fill-date-in-excel-based-on-status.html,284,0,0
1593733810486,824,HomePage,200,OK,Users 1-97,text,false,Tidy Parser errors:   9 (allowed 8) Tidy Parser warnings: 17 (allowed 80),21500,360,1,1,https://anilpotula.blogspot.com/2019/10/auto-fill-date-in-excel-based-on-status.html,491,0,0
1593733810486,491,HomePage-0,301,Moved Permanently,Users 1-97,text,true,,789,180,1,1,http://anilpotula.blogspot.com/2019/10/auto-fill-date-in-excel-based-on-status.html,491,0,0
1593733810977,333,HomePage-1,200,OK,Users 1-97,text,true,,20711,180,1,1,https://anilpotula.blogspot.com/2019/10/auto-fill-date-in-excel-based-on-status.html,283,0,0
